file,line,type,commit,author,date,time,timezone,datetime,depth,length
style.css,1,css,6d241308,Triton Stewart,2026-04-11,19:42:48,-07:00,2026-04-11T19:42:48-07:00,0,4
style.css,2,css,6d241308,Triton Stewart,2026-04-11,19:42:48,-07:00,2026-04-11T19:42:48-07:00,1,31
style.css,3,css,6d241308,Triton Stewart,2026-04-11,19:42:48,-07:00,2026-04-11T19:42:48-07:00,1,32
style.css,4,css,6d44e22e,Triton Stewart,2026-04-17,19:25:37,-07:00,2026-04-17T19:25:37-07:00,1,23
style.css,5,css,6d241308,Triton Stewart,2026-04-11,19:42:48,-07:00,2026-04-11T19:42:48-07:00,0,0
style.css,6,css,6d241308,Triton Stewart,2026-04-11,19:42:48,-07:00,2026-04-11T19:42:48-07:00,0,0
style.css,7,css,8730c960,Triton Stewart,2026-04-01,20:17:24,-07:00,2026-04-01T20:17:24-07:00,0,4
style.css,8,css,8730c960,Triton Stewart,2026-04-01,20:17:24,-07:00,2026-04-01T20:17:24-07:00,1,23
style.css,9,css,e97442a9,Triton Stewart,2026-04-10,15:40:06,-07:00,2026-04-10T15:40:06-07:00,1,15
style.css,10,css,e97442a9,Triton Stewart,2026-04-10,15:40:06,-07:00,2026-04-10T15:40:06-07:00,1,18
style.css,11,css,e97442a9,Triton Stewart,2026-04-10,15:40:06,-07:00,2026-04-10T15:40:06-07:00,1,12
style.css,12,css,5d02b875,Triton Stewart,2026-04-10,16:14:57,-07:00,2026-04-10T16:14:57-07:00,0,0
style.css,13,css,5d02b875,Triton Stewart,2026-04-10,16:14:57,-07:00,2026-04-10T16:14:57-07:00,0,0
style.css,14,css,5d02b875,Triton Stewart,2026-04-10,16:14:57,-07:00,2026-04-10T16:14:57-07:00,0,3
style.css,15,css,6d44e22e,Triton Stewart,2026-04-17,19:25:37,-07:00,2026-04-17T19:25:37-07:00,1,39
style.css,16,css,5d02b875,Triton Stewart,2026-04-10,16:14:57,-07:00,2026-04-10T16:14:57-07:00,1,12
style.css,17,css,5d02b875,Triton Stewart,2026-04-10,16:14:57,-07:00,2026-04-10T16:14:57-07:00,1,18
style.css,18,css,6d44e22e,Triton Stewart,2026-04-17,19:25:37,-07:00,2026-04-17T19:25:37-07:00,1,43
style.css,19,css,5d02b875,Triton Stewart,2026-04-10,16:14:57,-07:00,2026-04-10T16:14:57-07:00,0,0
style.css,20,css,5d02b875,Triton Stewart,2026-04-10,16:14:57,-07:00,2026-04-10T16:14:57-07:00,0,0
style.css,21,css,5d02b875,Triton Stewart,2026-04-10,16:14:57,-07:00,2026-04-10T16:14:57-07:00,0,5
style.css,22,css,5d02b875,Triton Stewart,2026-04-10,16:14:57,-07:00,2026-04-10T16:14:57-07:00,1,6
style.css,23,css,5d02b875,Triton Stewart,2026-04-10,16:14:57,-07:00,2026-04-10T16:14:57-07:00,1,20
style.css,24,css,5d02b875,Triton Stewart,2026-04-10,16:14:57,-07:00,2026-04-10T16:14:57-07:00,1,13
style.css,25,css,5d02b875,Triton Stewart,2026-04-10,16:14:57,-07:00,2026-04-10T16:14:57-07:00,1,17
style.css,26,css,5d02b875,Triton Stewart,2026-04-10,16:14:57,-07:00,2026-04-10T16:14:57-07:00,1,13
style.css,27,css,5d02b875,Triton Stewart,2026-04-10,16:14:57,-07:00,2026-04-10T16:14:57-07:00,0,0
style.css,28,css,5d02b875,Triton Stewart,2026-04-10,16:14:57,-07:00,2026-04-10T16:14:57-07:00,0,0
style.css,29,css,5d02b875,Triton Stewart,2026-04-10,16:14:57,-07:00,2026-04-10T16:14:57-07:00,0,13
style.css,30,css,6d241308,Triton Stewart,2026-04-11,19:42:48,-07:00,2026-04-11T19:42:48-07:00,1,45
style.css,31,css,5d02b875,Triton Stewart,2026-04-10,16:14:57,-07:00,2026-04-10T16:14:57-07:00,1,20
style.css,32,css,5d02b875,Triton Stewart,2026-04-10,16:14:57,-07:00,2026-04-10T16:14:57-07:00,0,0
style.css,33,css,5d02b875,Triton Stewart,2026-04-10,16:14:57,-07:00,2026-04-10T16:14:57-07:00,0,0
style.css,34,css,5d02b875,Triton Stewart,2026-04-10,16:14:57,-07:00,2026-04-10T16:14:57-07:00,0,11
style.css,35,css,6d241308,Triton Stewart,2026-04-11,19:42:48,-07:00,2026-04-11T19:42:48-07:00,1,45
style.css,36,css,6d44e22e,Triton Stewart,2026-04-17,19:25:37,-07:00,2026-04-17T19:25:37-07:00,1,69
style.css,37,css,5d02b875,Triton Stewart,2026-04-10,16:14:57,-07:00,2026-04-10T16:14:57-07:00,0,0
style.css,38,css,5d02b875,Triton Stewart,2026-04-10,16:14:57,-07:00,2026-04-10T16:14:57-07:00,0,0
style.css,39,css,5d02b875,Triton Stewart,2026-04-10,16:14:57,-07:00,2026-04-10T16:14:57-07:00,0,3
style.css,40,css,5d02b875,Triton Stewart,2026-04-10,16:14:57,-07:00,2026-04-10T16:14:57-07:00,1,14
style.css,41,css,5d02b875,Triton Stewart,2026-04-10,16:14:57,-07:00,2026-04-10T16:14:57-07:00,1,11
style.css,42,css,8aa854bf,Triton Stewart,2026-04-10,22:06:54,-07:00,2026-04-10T22:06:54-07:00,0,0
style.css,43,css,8aa854bf,Triton Stewart,2026-04-10,22:06:54,-07:00,2026-04-10T22:06:54-07:00,0,0
style.css,44,css,4c765bc2,Triton Stewart,2026-04-11,17:32:12,-07:00,2026-04-11T17:32:12-07:00,0,4
style.css,45,css,4c765bc2,Triton Stewart,2026-04-11,17:32:12,-07:00,2026-04-11T17:32:12-07:00,0,7
style.css,46,css,4c765bc2,Triton Stewart,2026-04-11,17:32:12,-07:00,2026-04-11T17:32:12-07:00,0,6
style.css,47,css,4c765bc2,Triton Stewart,2026-04-11,17:32:12,-07:00,2026-04-11T17:32:12-07:00,1,12
style.css,48,css,4c765bc2,Triton Stewart,2026-04-11,17:32:12,-07:00,2026-04-11T17:32:12-07:00,0,0
style.css,49,css,4c765bc2,Triton Stewart,2026-04-11,17:32:12,-07:00,2026-04-11T17:32:12-07:00,0,0
style.css,50,css,4c765bc2,Triton Stewart,2026-04-11,17:32:12,-07:00,2026-04-11T17:32:12-07:00,0,4
style.css,51,css,4c765bc2,Triton Stewart,2026-04-11,17:32:12,-07:00,2026-04-11T17:32:12-07:00,1,12
style.css,52,css,4c765bc2,Triton Stewart,2026-04-11,17:32:12,-07:00,2026-04-11T17:32:12-07:00,1,30
style.css,53,css,4c765bc2,Triton Stewart,2026-04-11,17:32:12,-07:00,2026-04-11T17:32:12-07:00,1,7
style.css,54,css,4c765bc2,Triton Stewart,2026-04-11,17:32:12,-07:00,2026-04-11T17:32:12-07:00,0,0
style.css,55,css,4c765bc2,Triton Stewart,2026-04-11,17:32:12,-07:00,2026-04-11T17:32:12-07:00,0,0
style.css,56,css,4c765bc2,Triton Stewart,2026-04-11,17:32:12,-07:00,2026-04-11T17:32:12-07:00,0,5
style.css,57,css,4c765bc2,Triton Stewart,2026-04-11,17:32:12,-07:00,2026-04-11T17:32:12-07:00,1,13
style.css,58,css,4c765bc2,Triton Stewart,2026-04-11,17:32:12,-07:00,2026-04-11T17:32:12-07:00,0,0
style.css,59,css,4c765bc2,Triton Stewart,2026-04-11,17:32:12,-07:00,2026-04-11T17:32:12-07:00,0,0
style.css,60,css,4c765bc2,Triton Stewart,2026-04-11,17:32:12,-07:00,2026-04-11T17:32:12-07:00,0,4
style.css,61,css,4c765bc2,Triton Stewart,2026-04-11,17:32:12,-07:00,2026-04-11T17:32:12-07:00,0,8
style.css,62,css,4c765bc2,Triton Stewart,2026-04-11,17:32:12,-07:00,2026-04-11T17:32:12-07:00,1,13
style.css,63,css,4c765bc2,Triton Stewart,2026-04-11,17:32:12,-07:00,2026-04-11T17:32:12-07:00,1,10
style.css,64,css,4c765bc2,Triton Stewart,2026-04-11,17:32:12,-07:00,2026-04-11T17:32:12-07:00,1,21
style.css,65,css,4c765bc2,Triton Stewart,2026-04-11,17:32:12,-07:00,2026-04-11T17:32:12-07:00,0,0
style.css,66,css,4c765bc2,Triton Stewart,2026-04-11,17:32:12,-07:00,2026-04-11T17:32:12-07:00,0,0
style.css,67,css,4c765bc2,Triton Stewart,2026-04-11,17:32:12,-07:00,2026-04-11T17:32:12-07:00,0,6
style.css,68,css,4c765bc2,Triton Stewart,2026-04-11,17:32:12,-07:00,2026-04-11T17:32:12-07:00,1,18
style.css,69,css,4c765bc2,Triton Stewart,2026-04-11,17:32:12,-07:00,2026-04-11T17:32:12-07:00,1,13
style.css,70,css,4c765bc2,Triton Stewart,2026-04-11,17:32:12,-07:00,2026-04-11T17:32:12-07:00,0,0
style.css,71,css,4c765bc2,Triton Stewart,2026-04-11,17:32:12,-07:00,2026-04-11T17:32:12-07:00,0,0
style.css,72,css,55d3ead8,Triton Stewart,2026-04-10,23:11:37,-07:00,2026-04-10T23:11:37-07:00,0,9
style.css,73,css,55d3ead8,Triton Stewart,2026-04-10,23:11:37,-07:00,2026-04-10T23:11:37-07:00,1,12
style.css,74,css,55d3ead8,Triton Stewart,2026-04-10,23:11:37,-07:00,2026-04-10T23:11:37-07:00,1,58
style.css,75,css,24e1799c,Triton Stewart,2026-04-10,23:19:58,-07:00,2026-04-10T23:19:58-07:00,1,7
style.css,76,css,4c765bc2,Triton Stewart,2026-04-11,17:32:12,-07:00,2026-04-11T17:32:12-07:00,0,0
style.css,77,css,4c765bc2,Triton Stewart,2026-04-11,17:32:12,-07:00,2026-04-11T17:32:12-07:00,0,0
style.css,78,css,4c765bc2,Triton Stewart,2026-04-11,17:32:12,-07:00,2026-04-11T17:32:12-07:00,0,17
style.css,79,css,4c765bc2,Triton Stewart,2026-04-11,17:32:12,-07:00,2026-04-11T17:32:12-07:00,1,12
style.css,80,css,4c765bc2,Triton Stewart,2026-04-11,17:32:12,-07:00,2026-04-11T17:32:12-07:00,1,26
style.css,81,css,4c765bc2,Triton Stewart,2026-04-11,17:32:12,-07:00,2026-04-11T17:32:12-07:00,1,15
style.css,82,css,4c765bc2,Triton Stewart,2026-04-11,17:32:12,-07:00,2026-04-11T17:32:12-07:00,1,7
style.css,83,css,4c765bc2,Triton Stewart,2026-04-11,17:32:12,-07:00,2026-04-11T17:32:12-07:00,0,0
style.css,84,css,4c765bc2,Triton Stewart,2026-04-11,17:32:12,-07:00,2026-04-11T17:32:12-07:00,0,0
style.css,85,css,4c765bc2,Triton Stewart,2026-04-11,17:32:12,-07:00,2026-04-11T17:32:12-07:00,0,12
style.css,86,css,4c765bc2,Triton Stewart,2026-04-11,17:32:12,-07:00,2026-04-11T17:32:12-07:00,1,8
style.css,87,css,4c765bc2,Triton Stewart,2026-04-11,17:32:12,-07:00,2026-04-11T17:32:12-07:00,0,0
style.css,88,css,4c765bc2,Triton Stewart,2026-04-11,17:32:12,-07:00,2026-04-11T17:32:12-07:00,0,0
style.css,89,css,4c765bc2,Triton Stewart,2026-04-11,17:32:12,-07:00,2026-04-11T17:32:12-07:00,0,2
style.css,90,css,4c765bc2,Triton Stewart,2026-04-11,17:32:12,-07:00,2026-04-11T17:32:12-07:00,1,14
style.css,91,css,4c765bc2,Triton Stewart,2026-04-11,17:32:12,-07:00,2026-04-11T17:32:12-07:00,0,0
style.css,92,css,4c765bc2,Triton Stewart,2026-04-11,17:32:12,-07:00,2026-04-11T17:32:12-07:00,0,0
style.css,93,css,4c765bc2,Triton Stewart,2026-04-11,17:32:12,-07:00,2026-04-11T17:32:12-07:00,0,22
style.css,94,css,4c765bc2,Triton Stewart,2026-04-11,17:32:12,-07:00,2026-04-11T17:32:12-07:00,1,15
style.css,95,css,4c765bc2,Triton Stewart,2026-04-11,17:32:12,-07:00,2026-04-11T17:32:12-07:00,1,17
style.css,96,css,6d44e22e,Triton Stewart,2026-04-17,19:25:37,-07:00,2026-04-17T19:25:37-07:00,0,0
style.css,97,css,6d44e22e,Triton Stewart,2026-04-17,19:25:37,-07:00,2026-04-17T19:25:37-07:00,0,0
style.css,98,css,6d44e22e,Triton Stewart,2026-04-17,19:25:37,-07:00,2026-04-17T19:25:37-07:00,0,13
style.css,99,css,6d44e22e,Triton Stewart,2026-04-17,19:25:37,-07:00,2026-04-17T19:25:37-07:00,1,17
style.css,100,css,6d44e22e,Triton Stewart,2026-04-17,19:25:37,-07:00,2026-04-17T19:25:37-07:00,1,8
style.css,101,css,6d44e22e,Triton Stewart,2026-04-17,19:25:37,-07:00,2026-04-17T19:25:37-07:00,1,10
style.css,102,css,6d44e22e,Triton Stewart,2026-04-17,19:25:37,-07:00,2026-04-17T19:25:37-07:00,1,13
style.css,103,css,6d44e22e,Triton Stewart,2026-04-17,19:25:37,-07:00,2026-04-17T19:25:37-07:00,0,0
style.css,104,css,6d44e22e,Triton Stewart,2026-04-17,19:25:37,-07:00,2026-04-17T19:25:37-07:00,0,0
style.css,105,css,6d44e22e,Triton Stewart,2026-04-17,19:25:37,-07:00,2026-04-17T19:25:37-07:00,0,20
style.css,106,css,6d44e22e,Triton Stewart,2026-04-17,19:25:37,-07:00,2026-04-17T19:25:37-07:00,1,12
style.css,107,css,e12a4823,Triton Stewart,2026-04-23,13:22:23,-07:00,2026-04-23T13:22:23-07:00,0,0
style.css,108,css,e12a4823,Triton Stewart,2026-04-23,13:22:23,-07:00,2026-04-23T13:22:23-07:00,0,0
style.css,109,css,e12a4823,Triton Stewart,2026-04-23,13:22:23,-07:00,2026-04-23T13:22:23-07:00,0,17
style.css,110,css,e12a4823,Triton Stewart,2026-04-23,13:22:23,-07:00,2026-04-23T13:22:23-07:00,1,12
style.css,111,css,e12a4823,Triton Stewart,2026-04-23,13:22:23,-07:00,2026-04-23T13:22:23-07:00,1,36
style.css,112,css,e12a4823,Triton Stewart,2026-04-23,13:22:23,-07:00,2026-04-23T13:22:23-07:00,1,8
style.css,113,css,e12a4823,Triton Stewart,2026-04-23,13:22:23,-07:00,2026-04-23T13:22:23-07:00,0,0
style.css,114,css,e12a4823,Triton Stewart,2026-04-23,13:22:23,-07:00,2026-04-23T13:22:23-07:00,0,0
style.css,115,css,e12a4823,Triton Stewart,2026-04-23,13:22:23,-07:00,2026-04-23T13:22:23-07:00,0,17
style.css,116,css,e12a4823,Triton Stewart,2026-04-23,13:22:23,-07:00,2026-04-23T13:22:23-07:00,1,10
style.css,117,css,e12a4823,Triton Stewart,2026-04-23,13:22:23,-07:00,2026-04-23T13:22:23-07:00,1,16
style.css,118,css,e12a4823,Triton Stewart,2026-04-23,13:22:23,-07:00,2026-04-23T13:22:23-07:00,1,24
style.css,119,css,e12a4823,Triton Stewart,2026-04-23,13:22:23,-07:00,2026-04-23T13:22:23-07:00,1,16
style.css,120,css,e12a4823,Triton Stewart,2026-04-23,13:22:23,-07:00,2026-04-23T13:22:23-07:00,1,11
style.css,121,css,e12a4823,Triton Stewart,2026-04-23,13:22:23,-07:00,2026-04-23T13:22:23-07:00,0,0
style.css,122,css,e12a4823,Triton Stewart,2026-04-23,13:22:23,-07:00,2026-04-23T13:22:23-07:00,0,0
style.css,123,css,e12a4823,Triton Stewart,2026-04-23,13:22:23,-07:00,2026-04-23T13:22:23-07:00,0,17
style.css,124,css,e12a4823,Triton Stewart,2026-04-23,13:22:23,-07:00,2026-04-23T13:22:23-07:00,1,10
style.css,125,css,e12a4823,Triton Stewart,2026-04-23,13:22:23,-07:00,2026-04-23T13:22:23-07:00,1,8
style.css,126,css,e12a4823,Triton Stewart,2026-04-23,13:22:23,-07:00,2026-04-23T13:22:23-07:00,1,16
style.css,127,css,14e11337,Triton Stewart,2026-05-01,13:52:06,-07:00,2026-05-01T13:52:06-07:00,0,0
style.css,128,css,14e11337,Triton Stewart,2026-05-01,13:52:06,-07:00,2026-05-01T13:52:06-07:00,0,0
style.css,129,css,14e11337,Triton Stewart,2026-05-01,13:52:06,-07:00,2026-05-01T13:52:06-07:00,0,13
style.css,130,css,14e11337,Triton Stewart,2026-05-01,13:52:06,-07:00,2026-05-01T13:52:06-07:00,1,30
style.css,131,css,14e11337,Triton Stewart,2026-05-01,13:52:06,-07:00,2026-05-01T13:52:06-07:00,1,34
style.css,132,css,14e11337,Triton Stewart,2026-05-01,13:52:06,-07:00,2026-05-01T13:52:06-07:00,1,10
style.css,133,css,14e11337,Triton Stewart,2026-05-01,13:52:06,-07:00,2026-05-01T13:52:06-07:00,0,0
style.css,134,css,14e11337,Triton Stewart,2026-05-01,13:52:06,-07:00,2026-05-01T13:52:06-07:00,0,0
style.css,135,css,14e11337,Triton Stewart,2026-05-01,13:52:06,-07:00,2026-05-01T13:52:06-07:00,0,18
style.css,136,css,14e11337,Triton Stewart,2026-05-01,13:52:06,-07:00,2026-05-01T13:52:06-07:00,1,14
style.css,137,css,14e11337,Triton Stewart,2026-05-01,13:52:06,-07:00,2026-05-01T13:52:06-07:00,1,16
style.css,138,css,14e11337,Triton Stewart,2026-05-01,13:52:06,-07:00,2026-05-01T13:52:06-07:00,1,16
style.css,139,css,6c0208a8,Triton Stewart,2026-05-01,23:24:32,-07:00,2026-05-01T23:24:32-07:00,0,0
style.css,140,css,6c0208a8,Triton Stewart,2026-05-01,23:24:32,-07:00,2026-05-01T23:24:32-07:00,0,0
style.css,141,css,6c0208a8,Triton Stewart,2026-05-01,23:24:32,-07:00,2026-05-01T23:24:32-07:00,0,7
style.css,142,css,6c0208a8,Triton Stewart,2026-05-01,23:24:32,-07:00,2026-05-01T23:24:32-07:00,1,12
style.css,143,css,6c0208a8,Triton Stewart,2026-05-01,23:24:32,-07:00,2026-05-01T23:24:32-07:00,1,57
style.css,144,css,6c0208a8,Triton Stewart,2026-05-01,23:24:32,-07:00,2026-05-01T23:24:32-07:00,1,7
style.css,145,css,6c0208a8,Triton Stewart,2026-05-01,23:24:32,-07:00,2026-05-01T23:24:32-07:00,1,36
style.css,146,css,6c0208a8,Triton Stewart,2026-05-01,23:24:32,-07:00,2026-05-01T23:24:32-07:00,1,11
style.css,147,css,6c0208a8,Triton Stewart,2026-05-01,23:24:32,-07:00,2026-05-01T23:24:32-07:00,1,16
style.css,148,css,6c0208a8,Triton Stewart,2026-05-01,23:24:32,-07:00,2026-05-01T23:24:32-07:00,1,15
style.css,149,css,6c0208a8,Triton Stewart,2026-05-01,23:24:32,-07:00,2026-05-01T23:24:32-07:00,0,0
style.css,150,css,6c0208a8,Triton Stewart,2026-05-01,23:24:32,-07:00,2026-05-01T23:24:32-07:00,0,0
style.css,151,css,6c0208a8,Triton Stewart,2026-05-01,23:24:32,-07:00,2026-05-01T23:24:32-07:00,0,12
style.css,152,css,6c0208a8,Triton Stewart,2026-05-01,23:24:32,-07:00,2026-05-01T23:24:32-07:00,1,12
style.css,153,css,6c0208a8,Triton Stewart,2026-05-01,23:24:32,-07:00,2026-05-01T23:24:32-07:00,1,18
style.css,154,css,6c0208a8,Triton Stewart,2026-05-01,23:24:32,-07:00,2026-05-01T23:24:32-07:00,1,9
style.css,155,css,6c0208a8,Triton Stewart,2026-05-01,23:24:32,-07:00,2026-05-01T23:24:32-07:00,0,0
style.css,156,css,6c0208a8,Triton Stewart,2026-05-01,23:24:32,-07:00,2026-05-01T23:24:32-07:00,0,0
style.css,157,css,6c0208a8,Triton Stewart,2026-05-01,23:24:32,-07:00,2026-05-01T23:24:32-07:00,0,7
style.css,158,css,6c0208a8,Triton Stewart,2026-05-01,23:24:32,-07:00,2026-05-01T23:24:32-07:00,1,20
style.css,159,css,6c0208a8,Triton Stewart,2026-05-01,23:24:32,-07:00,2026-05-01T23:24:32-07:00,1,9
style.css,160,css,6c0208a8,Triton Stewart,2026-05-01,23:24:32,-07:00,2026-05-01T23:24:32-07:00,1,18
style.css,161,css,6c0208a8,Triton Stewart,2026-05-01,23:24:32,-07:00,2026-05-01T23:24:32-07:00,1,29
style.css,162,css,6c0208a8,Triton Stewart,2026-05-01,23:24:32,-07:00,2026-05-01T23:24:32-07:00,1,17
style.css,163,css,6c0208a8,Triton Stewart,2026-05-01,23:24:32,-07:00,2026-05-01T23:24:32-07:00,0,0
style.css,164,css,6c0208a8,Triton Stewart,2026-05-01,23:24:32,-07:00,2026-05-01T23:24:32-07:00,0,0
style.css,165,css,6c0208a8,Triton Stewart,2026-05-01,23:24:32,-07:00,2026-05-01T23:24:32-07:00,0,10
style.css,166,css,6c0208a8,Triton Stewart,2026-05-01,23:24:32,-07:00,2026-05-01T23:24:32-07:00,1,12
style.css,167,css,6c0208a8,Triton Stewart,2026-05-01,23:24:32,-07:00,2026-05-01T23:24:32-07:00,1,18
style.css,168,css,6c0208a8,Triton Stewart,2026-05-01,23:24:32,-07:00,2026-05-01T23:24:32-07:00,1,7
style.css,169,css,6c0208a8,Triton Stewart,2026-05-01,23:24:32,-07:00,2026-05-01T23:24:32-07:00,0,0
style.css,170,css,6c0208a8,Triton Stewart,2026-05-01,23:24:32,-07:00,2026-05-01T23:24:32-07:00,0,0
style.css,171,css,6c0208a8,Triton Stewart,2026-05-01,23:24:32,-07:00,2026-05-01T23:24:32-07:00,0,7
style.css,172,css,6c0208a8,Triton Stewart,2026-05-01,23:24:32,-07:00,2026-05-01T23:24:32-07:00,1,6
style.css,173,css,6c0208a8,Triton Stewart,2026-05-01,23:24:32,-07:00,2026-05-01T23:24:32-07:00,0,0
style.css,174,css,6c0208a8,Triton Stewart,2026-05-01,23:24:32,-07:00,2026-05-01T23:24:32-07:00,0,0
style.css,175,css,6c0208a8,Triton Stewart,2026-05-01,23:24:32,-07:00,2026-05-01T23:24:32-07:00,0,51
style.css,176,css,6c0208a8,Triton Stewart,2026-05-01,23:24:32,-07:00,2026-05-01T23:24:32-07:00,1,11
style.css,177,css,6c0208a8,Triton Stewart,2026-05-01,23:24:32,-07:00,2026-05-01T23:24:32-07:00,0,0
style.css,178,css,6c0208a8,Triton Stewart,2026-05-01,23:24:32,-07:00,2026-05-01T23:24:32-07:00,0,0
style.css,179,css,6c0208a8,Triton Stewart,2026-05-01,23:24:32,-07:00,2026-05-01T23:24:32-07:00,0,23
style.css,180,css,6c0208a8,Triton Stewart,2026-05-01,23:24:32,-07:00,2026-05-01T23:24:32-07:00,1,16
style.css,181,css,6c0208a8,Triton Stewart,2026-05-01,23:24:32,-07:00,2026-05-01T23:24:32-07:00,0,0
style.css,182,css,6c0208a8,Triton Stewart,2026-05-01,23:24:32,-07:00,2026-05-01T23:24:32-07:00,0,0
style.css,183,css,6c0208a8,Triton Stewart,2026-05-01,23:24:32,-07:00,2026-05-01T23:24:32-07:00,0,9
style.css,184,css,6c0208a8,Triton Stewart,2026-05-01,23:24:32,-07:00,2026-05-01T23:24:32-07:00,1,35
style.css,185,css,6c0208a8,Triton Stewart,2026-05-01,23:24:32,-07:00,2026-05-01T23:24:32-07:00,0,0
style.css,186,css,6c0208a8,Triton Stewart,2026-05-01,23:24:32,-07:00,2026-05-01T23:24:32-07:00,0,0
style.css,187,css,6c0208a8,Triton Stewart,2026-05-01,23:24:32,-07:00,2026-05-01T23:24:32-07:00,0,18
style.css,188,css,6c0208a8,Triton Stewart,2026-05-01,23:24:32,-07:00,2026-05-01T23:24:32-07:00,1,17
style.css,189,css,6c0208a8,Triton Stewart,2026-05-01,23:24:32,-07:00,2026-05-01T23:24:32-07:00,0,0
style.css,190,css,6c0208a8,Triton Stewart,2026-05-01,23:24:32,-07:00,2026-05-01T23:24:32-07:00,0,0
style.css,191,css,6c0208a8,Triton Stewart,2026-05-01,23:24:32,-07:00,2026-05-01T23:24:32-07:00,0,23
style.css,192,css,6c0208a8,Triton Stewart,2026-05-01,23:24:32,-07:00,2026-05-01T23:24:32-07:00,1,14
style.css,193,css,debfaba6,Triton Stewart,2026-04-11,17:50:56,-07:00,2026-04-11T17:50:56-07:00,0,0
index.js,1,js,e12a4823,Triton Stewart,2026-04-23,13:22:23,-07:00,2026-04-23T13:22:23-07:00,0,71
index.js,2,js,e12a4823,Triton Stewart,2026-04-23,13:22:23,-07:00,2026-04-23T13:22:23-07:00,0,0
index.js,3,js,e12a4823,Triton Stewart,2026-04-23,13:22:23,-07:00,2026-04-23T13:22:23-07:00,0,54
index.js,4,js,e12a4823,Triton Stewart,2026-04-23,13:22:23,-07:00,2026-04-23T13:22:23-07:00,0,42
index.js,5,js,e12a4823,Triton Stewart,2026-04-23,13:22:23,-07:00,2026-04-23T13:22:23-07:00,0,0
index.js,6,js,e12a4823,Triton Stewart,2026-04-23,13:22:23,-07:00,2026-04-23T13:22:23-07:00,0,60
index.js,7,js,e12a4823,Triton Stewart,2026-04-23,13:22:23,-07:00,2026-04-23T13:22:23-07:00,0,54
index.js,8,js,e12a4823,Triton Stewart,2026-04-23,13:22:23,-07:00,2026-04-23T13:22:23-07:00,0,0
index.js,9,js,e12a4823,Triton Stewart,2026-04-23,13:22:23,-07:00,2026-04-23T13:22:23-07:00,0,56
index.js,10,js,e12a4823,Triton Stewart,2026-04-23,13:22:23,-07:00,2026-04-23T13:22:23-07:00,0,60
index.js,11,js,e12a4823,Triton Stewart,2026-04-23,13:22:23,-07:00,2026-04-23T13:22:23-07:00,0,0
index.js,12,js,e12a4823,Triton Stewart,2026-04-23,13:22:23,-07:00,2026-04-23T13:22:23-07:00,0,17
index.js,13,js,e12a4823,Triton Stewart,2026-04-23,13:22:23,-07:00,2026-04-23T13:22:23-07:00,1,24
index.js,14,js,e12a4823,Triton Stewart,2026-04-23,13:22:23,-07:00,2026-04-23T13:22:23-07:00,2,2
index.js,15,js,e12a4823,Triton Stewart,2026-04-23,13:22:23,-07:00,2026-04-23T13:22:23-07:00,3,55
index.js,16,js,e12a4823,Triton Stewart,2026-04-23,13:22:23,-07:00,2026-04-23T13:22:23-07:00,3,55
index.js,17,js,e12a4823,Triton Stewart,2026-04-23,13:22:23,-07:00,2026-04-23T13:22:23-07:00,3,49
index.js,18,js,e12a4823,Triton Stewart,2026-04-23,13:22:23,-07:00,2026-04-23T13:22:23-07:00,3,49
index.js,19,js,e12a4823,Triton Stewart,2026-04-23,13:22:23,-07:00,2026-04-23T13:22:23-07:00,2,3
index.js,20,js,e12a4823,Triton Stewart,2026-04-23,13:22:23,-07:00,2026-04-23T13:22:23-07:00,1,0
index.js,21,js,e12a4823,Triton Stewart,2026-04-23,13:22:23,-07:00,2026-04-23T13:22:23-07:00,0,0
index.html,1,html,b60b8210,Triton Stewart,2026-03-31,18:57:54,-07:00,2026-03-31T18:57:54-07:00,0,13
index.html,2,html,b60b8210,Triton Stewart,2026-03-31,18:57:54,-07:00,2026-03-31T18:57:54-07:00,0,14
index.html,3,html,b60b8210,Triton Stewart,2026-03-31,18:57:54,-07:00,2026-03-31T18:57:54-07:00,0,4
index.html,4,html,b3d03d98,Triton Stewart,2026-04-11,18:58:25,-07:00,2026-04-11T18:58:25-07:00,1,20
index.html,5,html,b3d03d98,Triton Stewart,2026-04-11,18:58:25,-07:00,2026-04-11T18:58:25-07:00,1,68
index.html,6,html,b3d03d98,Triton Stewart,2026-04-11,18:58:25,-07:00,2026-04-11T18:58:25-07:00,1,56
index.html,7,html,b3d03d98,Triton Stewart,2026-04-11,18:58:25,-07:00,2026-04-11T18:58:25-07:00,1,38
index.html,8,html,b60b8210,Triton Stewart,2026-03-31,18:57:54,-07:00,2026-03-31T18:57:54-07:00,0,5
index.html,9,html,b60b8210,Triton Stewart,2026-03-31,18:57:54,-07:00,2026-03-31T18:57:54-07:00,0,4
index.html,10,html,b3d03d98,Triton Stewart,2026-04-11,18:58:25,-07:00,2026-04-11T18:58:25-07:00,1,21
index.html,11,html,b3d03d98,Triton Stewart,2026-04-11,18:58:25,-07:00,2026-04-11T18:58:25-07:00,1,132
index.html,12,html,d1b53376,Triton Stewart,2026-04-10,16:04:59,-07:00,2026-04-10T16:04:59-07:00,0,0
index.html,13,html,b3d03d98,Triton Stewart,2026-04-11,18:58:25,-07:00,2026-04-11T18:58:25-07:00,1,94
index.html,14,html,eb9e08cf,Triton Stewart,2026-04-17,17:41:01,-07:00,2026-04-17T17:41:01-07:00,0,0
index.html,15,html,e12a4823,Triton Stewart,2026-04-23,13:22:23,-07:00,2026-04-23T13:22:23-07:00,1,22
index.html,16,html,e12a4823,Triton Stewart,2026-04-23,13:22:23,-07:00,2026-04-23T13:22:23-07:00,1,26
index.html,17,html,e12a4823,Triton Stewart,2026-04-23,13:22:23,-07:00,2026-04-23T13:22:23-07:00,1,19
index.html,18,html,e12a4823,Triton Stewart,2026-04-23,13:22:23,-07:00,2026-04-23T13:22:23-07:00,0,28
index.html,19,html,eb9e08cf,Triton Stewart,2026-04-17,17:41:01,-07:00,2026-04-17T17:41:01-07:00,1,45
index.html,20,html,e12a4823,Triton Stewart,2026-04-23,13:22:23,-07:00,2026-04-23T13:22:23-07:00,1,44
index.html,21,html,b60b8210,Triton Stewart,2026-03-31,18:57:54,-07:00,2026-03-31T18:57:54-07:00,0,5
index.html,22,html,c62dbf8a,Triton Stewart,2026-03-31,19:45:27,-07:00,2026-03-31T19:45:27-07:00,0,5
index.html,23,html,e12a4823,Triton Stewart,2026-04-23,13:22:23,-07:00,2026-04-23T13:22:23-07:00,0,0
index.html,24,html,e12a4823,Triton Stewart,2026-04-23,13:22:23,-07:00,2026-04-23T13:22:23-07:00,0,0
global.js,1,js,eb9e08cf,Triton Stewart,2026-04-17,17:41:01,-07:00,2026-04-17T17:41:01-07:00,0,25
global.js,2,js,eb9e08cf,Triton Stewart,2026-04-17,17:41:01,-07:00,2026-04-17T17:41:01-07:00,0,0
global.js,3,js,eb9e08cf,Triton Stewart,2026-04-17,17:41:01,-07:00,2026-04-17T17:41:01-07:00,0,41
global.js,4,js,eb9e08cf,Triton Stewart,2026-04-17,17:41:01,-07:00,2026-04-17T17:41:01-07:00,1,52
global.js,5,js,eb9e08cf,Triton Stewart,2026-04-17,17:41:01,-07:00,2026-04-17T17:41:01-07:00,0,0
global.js,6,js,eb9e08cf,Triton Stewart,2026-04-17,17:41:01,-07:00,2026-04-17T17:41:01-07:00,0,0
global.js,7,js,eb9e08cf,Triton Stewart,2026-04-17,17:41:01,-07:00,2026-04-17T17:41:01-07:00,0,11
global.js,8,js,eb9e08cf,Triton Stewart,2026-04-17,17:41:01,-07:00,2026-04-17T17:41:01-07:00,1,25
global.js,9,js,eb9e08cf,Triton Stewart,2026-04-17,17:41:01,-07:00,2026-04-17T17:41:01-07:00,1,38
global.js,10,js,eb9e08cf,Triton Stewart,2026-04-17,17:41:01,-07:00,2026-04-17T17:41:01-07:00,1,36
global.js,11,js,eb9e08cf,Triton Stewart,2026-04-17,17:41:01,-07:00,2026-04-17T17:41:01-07:00,1,26
global.js,12,js,5d12e02d,Triton Stewart,2026-05-04,16:27:18,-07:00,2026-05-04T16:27:18-07:00,1,30
global.js,13,js,eb9e08cf,Triton Stewart,2026-04-17,17:41:01,-07:00,2026-04-17T17:41:01-07:00,1,58
global.js,14,js,eb9e08cf,Triton Stewart,2026-04-17,17:41:01,-07:00,2026-04-17T17:41:01-07:00,0,0
global.js,15,js,eb9e08cf,Triton Stewart,2026-04-17,17:41:01,-07:00,2026-04-17T17:41:01-07:00,0,0
global.js,16,js,eb9e08cf,Triton Stewart,2026-04-17,17:41:01,-07:00,2026-04-17T17:41:01-07:00,0,15
global.js,17,js,eb9e08cf,Triton Stewart,2026-04-17,17:41:01,-07:00,2026-04-17T17:41:01-07:00,1,68
global.js,18,js,eb9e08cf,Triton Stewart,2026-04-17,17:41:01,-07:00,2026-04-17T17:41:01-07:00,2,3
global.js,19,js,eb9e08cf,Triton Stewart,2026-04-17,17:41:01,-07:00,2026-04-17T17:41:01-07:00,2,14
global.js,20,js,eb9e08cf,Triton Stewart,2026-04-17,17:41:01,-07:00,2026-04-17T17:41:01-07:00,0,0
global.js,21,js,eb9e08cf,Triton Stewart,2026-04-17,17:41:01,-07:00,2026-04-17T17:41:01-07:00,0,38
global.js,22,js,eb9e08cf,Triton Stewart,2026-04-17,17:41:01,-07:00,2026-04-17T17:41:01-07:00,0,25
global.js,23,js,eb9e08cf,Triton Stewart,2026-04-17,17:41:01,-07:00,2026-04-17T17:41:01-07:00,0,0
global.js,24,js,eb9e08cf,Triton Stewart,2026-04-17,17:41:01,-07:00,2026-04-17T17:41:01-07:00,0,20
global.js,25,js,eb9e08cf,Triton Stewart,2026-04-17,17:41:01,-07:00,2026-04-17T17:41:01-07:00,1,14
global.js,26,js,eb9e08cf,Triton Stewart,2026-04-17,17:41:01,-07:00,2026-04-17T17:41:01-07:00,1,18
global.js,27,js,eb9e08cf,Triton Stewart,2026-04-17,17:41:01,-07:00,2026-04-17T17:41:01-07:00,0,0
global.js,28,js,eb9e08cf,Triton Stewart,2026-04-17,17:41:01,-07:00,2026-04-17T17:41:01-07:00,1,52
global.js,29,js,eb9e08cf,Triton Stewart,2026-04-17,17:41:01,-07:00,2026-04-17T17:41:01-07:00,0,0
global.js,30,js,eb9e08cf,Triton Stewart,2026-04-17,17:41:01,-07:00,2026-04-17T17:41:01-07:00,1,34
global.js,31,js,eb9e08cf,Triton Stewart,2026-04-17,17:41:01,-07:00,2026-04-17T17:41:01-07:00,1,11
global.js,32,js,eb9e08cf,Triton Stewart,2026-04-17,17:41:01,-07:00,2026-04-17T17:41:01-07:00,1,20
global.js,33,js,eb9e08cf,Triton Stewart,2026-04-17,17:41:01,-07:00,2026-04-17T17:41:01-07:00,0,0
global.js,34,js,eb9e08cf,Triton Stewart,2026-04-17,17:41:01,-07:00,2026-04-17T17:41:01-07:00,1,65
global.js,35,js,eb9e08cf,Triton Stewart,2026-04-17,17:41:01,-07:00,2026-04-17T17:41:01-07:00,2,25
global.js,36,js,eb9e08cf,Triton Stewart,2026-04-17,17:41:01,-07:00,2026-04-17T17:41:01-07:00,1,0
global.js,37,js,eb9e08cf,Triton Stewart,2026-04-17,17:41:01,-07:00,2026-04-17T17:41:01-07:00,0,0
global.js,38,js,eb9e08cf,Triton Stewart,2026-04-17,17:41:01,-07:00,2026-04-17T17:41:01-07:00,1,29
global.js,39,js,eb9e08cf,Triton Stewart,2026-04-17,17:41:01,-07:00,2026-04-17T17:41:01-07:00,2,18
global.js,40,js,eb9e08cf,Triton Stewart,2026-04-17,17:41:01,-07:00,2026-04-17T17:41:01-07:00,1,0
global.js,41,js,eb9e08cf,Triton Stewart,2026-04-17,17:41:01,-07:00,2026-04-17T17:41:01-07:00,0,0
global.js,42,js,eb9e08cf,Triton Stewart,2026-04-17,17:41:01,-07:00,2026-04-17T17:41:01-07:00,1,12
global.js,43,js,6d44e22e,Triton Stewart,2026-04-17,19:25:37,-07:00,2026-04-17T19:25:37-07:00,0,0
global.js,44,js,6d44e22e,Triton Stewart,2026-04-17,19:25:37,-07:00,2026-04-17T19:25:37-07:00,0,0
global.js,45,js,6d44e22e,Triton Stewart,2026-04-17,19:25:37,-07:00,2026-04-17T19:25:37-07:00,0,31
global.js,46,js,6d44e22e,Triton Stewart,2026-04-17,19:25:37,-07:00,2026-04-17T19:25:37-07:00,1,11
global.js,47,js,6d44e22e,Triton Stewart,2026-04-17,19:25:37,-07:00,2026-04-17T19:25:37-07:00,1,0
global.js,48,js,6d44e22e,Triton Stewart,2026-04-17,19:25:37,-07:00,2026-04-17T19:25:37-07:00,1,26
global.js,49,js,6d44e22e,Triton Stewart,2026-04-17,19:25:37,-07:00,2026-04-17T19:25:37-07:00,2,4
global.js,50,js,6d44e22e,Triton Stewart,2026-04-17,19:25:37,-07:00,2026-04-17T19:25:37-07:00,2,6
global.js,51,js,6d44e22e,Triton Stewart,2026-04-17,19:25:37,-07:00,2026-04-17T19:25:37-07:00,3,43
global.js,52,js,6d44e22e,Triton Stewart,2026-04-17,19:25:37,-07:00,2026-04-17T19:25:37-07:00,3,34
global.js,53,js,6d44e22e,Triton Stewart,2026-04-17,19:25:37,-07:00,2026-04-17T19:25:37-07:00,3,32
global.js,54,js,6d44e22e,Triton Stewart,2026-04-17,19:25:37,-07:00,2026-04-17T19:25:37-07:00,2,7
global.js,55,js,6d44e22e,Triton Stewart,2026-04-17,19:25:37,-07:00,2026-04-17T19:25:37-07:00,1,6
global.js,56,js,6d44e22e,Triton Stewart,2026-04-17,19:25:37,-07:00,2026-04-17T19:25:37-07:00,0,0
global.js,57,js,6d44e22e,Triton Stewart,2026-04-17,19:25:37,-07:00,2026-04-17T19:25:37-07:00,0,0
global.js,58,js,6d44e22e,Triton Stewart,2026-04-17,19:25:37,-07:00,2026-04-17T19:25:37-07:00,0,0
global.js,59,js,6d44e22e,Triton Stewart,2026-04-17,19:25:37,-07:00,2026-04-17T19:25:37-07:00,0,58
global.js,60,js,6d44e22e,Triton Stewart,2026-04-17,19:25:37,-07:00,2026-04-17T19:25:37-07:00,0,0
global.js,61,js,6d44e22e,Triton Stewart,2026-04-17,19:25:37,-07:00,2026-04-17T19:25:37-07:00,0,29
global.js,62,js,6d44e22e,Triton Stewart,2026-04-17,19:25:37,-07:00,2026-04-17T19:25:37-07:00,1,83
global.js,63,js,6d44e22e,Triton Stewart,2026-04-17,19:25:37,-07:00,2026-04-17T19:25:37-07:00,1,38
global.js,64,js,6d44e22e,Triton Stewart,2026-04-17,19:25:37,-07:00,2026-04-17T19:25:37-07:00,0,0
global.js,65,js,6d44e22e,Triton Stewart,2026-04-17,19:25:37,-07:00,2026-04-17T19:25:37-07:00,0,0
global.js,66,js,6d44e22e,Triton Stewart,2026-04-17,19:25:37,-07:00,2026-04-17T19:25:37-07:00,0,49
global.js,67,js,6d44e22e,Triton Stewart,2026-04-17,19:25:37,-07:00,2026-04-17T19:25:37-07:00,1,29
global.js,68,js,6d44e22e,Triton Stewart,2026-04-17,19:25:37,-07:00,2026-04-17T19:25:37-07:00,1,64
global.js,69,js,6d44e22e,Triton Stewart,2026-04-17,19:25:37,-07:00,2026-04-17T19:25:37-07:00,1,31
global.js,70,js,6d44e22e,Triton Stewart,2026-04-17,19:25:37,-07:00,2026-04-17T19:25:37-07:00,0,1
global.js,71,js,6d44e22e,Triton Stewart,2026-04-17,19:25:37,-07:00,2026-04-17T19:25:37-07:00,0,0
global.js,72,js,6d44e22e,Triton Stewart,2026-04-17,19:25:37,-07:00,2026-04-17T19:25:37-07:00,0,0
global.js,73,js,6d44e22e,Triton Stewart,2026-04-17,19:25:37,-07:00,2026-04-17T19:25:37-07:00,0,0
global.js,74,js,6d44e22e,Triton Stewart,2026-04-17,19:25:37,-07:00,2026-04-17T19:25:37-07:00,0,40
global.js,75,js,6d44e22e,Triton Stewart,2026-04-17,19:25:37,-07:00,2026-04-17T19:25:37-07:00,0,0
global.js,76,js,6d44e22e,Triton Stewart,2026-04-17,19:25:37,-07:00,2026-04-17T19:25:37-07:00,0,49
global.js,77,js,6d44e22e,Triton Stewart,2026-04-17,19:25:37,-07:00,2026-04-17T19:25:37-07:00,1,21
global.js,78,js,6d44e22e,Triton Stewart,2026-04-17,19:25:37,-07:00,2026-04-17T19:25:37-07:00,0,0
global.js,79,js,6d44e22e,Triton Stewart,2026-04-17,19:25:37,-07:00,2026-04-17T19:25:37-07:00,1,28
global.js,80,js,6d44e22e,Triton Stewart,2026-04-17,19:25:37,-07:00,2026-04-17T19:25:37-07:00,1,26
global.js,81,js,6d44e22e,Triton Stewart,2026-04-17,19:25:37,-07:00,2026-04-17T19:25:37-07:00,1,14
global.js,82,js,6d44e22e,Triton Stewart,2026-04-17,19:25:37,-07:00,2026-04-17T19:25:37-07:00,0,0
global.js,83,js,6d44e22e,Triton Stewart,2026-04-17,19:25:37,-07:00,2026-04-17T19:25:37-07:00,1,31
global.js,84,js,6d44e22e,Triton Stewart,2026-04-17,19:25:37,-07:00,2026-04-17T19:25:37-07:00,2,50
global.js,85,js,6d44e22e,Triton Stewart,2026-04-17,19:25:37,-07:00,2026-04-17T19:25:37-07:00,1,0
global.js,86,js,6d44e22e,Triton Stewart,2026-04-17,19:25:37,-07:00,2026-04-17T19:25:37-07:00,0,0
global.js,87,js,6d44e22e,Triton Stewart,2026-04-17,19:25:37,-07:00,2026-04-17T19:25:37-07:00,1,22
global.js,88,js,6d44e22e,Triton Stewart,2026-04-17,19:25:37,-07:00,2026-04-17T19:25:37-07:00,1,18
global.js,89,js,e12a4823,Triton Stewart,2026-04-23,13:22:23,-07:00,2026-04-23T13:22:23-07:00,0,1
global.js,90,js,e12a4823,Triton Stewart,2026-04-23,13:22:23,-07:00,2026-04-23T13:22:23-07:00,0,0
global.js,91,js,e12a4823,Triton Stewart,2026-04-23,13:22:23,-07:00,2026-04-23T13:22:23-07:00,0,0
global.js,92,js,e12a4823,Triton Stewart,2026-04-23,13:22:23,-07:00,2026-04-23T13:22:23-07:00,0,0
global.js,93,js,e12a4823,Triton Stewart,2026-04-23,13:22:23,-07:00,2026-04-23T13:22:23-07:00,0,36
global.js,94,js,e12a4823,Triton Stewart,2026-04-23,13:22:23,-07:00,2026-04-23T13:22:23-07:00,1,3
global.js,95,js,e12a4823,Triton Stewart,2026-04-23,13:22:23,-07:00,2026-04-23T13:22:23-07:00,2,32
global.js,96,js,e12a4823,Triton Stewart,2026-04-23,13:22:23,-07:00,2026-04-23T13:22:23-07:00,2,20
global.js,97,js,e12a4823,Triton Stewart,2026-04-23,13:22:23,-07:00,2026-04-23T13:22:23-07:00,0,0
global.js,98,js,e12a4823,Triton Stewart,2026-04-23,13:22:23,-07:00,2026-04-23T13:22:23-07:00,2,17
global.js,99,js,e12a4823,Triton Stewart,2026-04-23,13:22:23,-07:00,2026-04-23T13:22:23-07:00,3,66
global.js,100,js,e12a4823,Triton Stewart,2026-04-23,13:22:23,-07:00,2026-04-23T13:22:23-07:00,2,0
global.js,101,js,e12a4823,Triton Stewart,2026-04-23,13:22:23,-07:00,2026-04-23T13:22:23-07:00,0,0
global.js,102,js,e12a4823,Triton Stewart,2026-04-23,13:22:23,-07:00,2026-04-23T13:22:23-07:00,2,33
global.js,103,js,e12a4823,Triton Stewart,2026-04-23,13:22:23,-07:00,2026-04-23T13:22:23-07:00,2,10
global.js,104,js,e12a4823,Triton Stewart,2026-04-23,13:22:23,-07:00,2026-04-23T13:22:23-07:00,0,0
global.js,105,js,e12a4823,Triton Stewart,2026-04-23,13:22:23,-07:00,2026-04-23T13:22:23-07:00,1,15
global.js,106,js,e12a4823,Triton Stewart,2026-04-23,13:22:23,-07:00,2026-04-23T13:22:23-07:00,2,59
global.js,107,js,e12a4823,Triton Stewart,2026-04-23,13:22:23,-07:00,2026-04-23T13:22:23-07:00,1,0
global.js,108,js,e12a4823,Triton Stewart,2026-04-23,13:22:23,-07:00,2026-04-23T13:22:23-07:00,0,0
global.js,109,js,e12a4823,Triton Stewart,2026-04-23,13:22:23,-07:00,2026-04-23T13:22:23-07:00,0,0
global.js,110,js,e12a4823,Triton Stewart,2026-04-23,13:22:23,-07:00,2026-04-23T13:22:23-07:00,0,72
global.js,111,js,14e11337,Triton Stewart,2026-05-01,13:52:06,-07:00,2026-05-01T13:52:06-07:00,1,23
global.js,112,js,e12a4823,Triton Stewart,2026-04-23,13:22:23,-07:00,2026-04-23T13:22:23-07:00,0,0
global.js,113,js,e12a4823,Triton Stewart,2026-04-23,13:22:23,-07:00,2026-04-23T13:22:23-07:00,1,27
global.js,114,js,e12a4823,Triton Stewart,2026-04-23,13:22:23,-07:00,2026-04-23T13:22:23-07:00,2,48
global.js,115,js,e12a4823,Triton Stewart,2026-04-23,13:22:23,-07:00,2026-04-23T13:22:23-07:00,0,0
global.js,116,js,e12a4823,Triton Stewart,2026-04-23,13:22:23,-07:00,2026-04-23T13:22:23-07:00,2,19
global.js,117,js,e12a4823,Triton Stewart,2026-04-23,13:22:23,-07:00,2026-04-23T13:22:23-07:00,3,49
global.js,118,js,e12a4823,Triton Stewart,2026-04-23,13:22:23,-07:00,2026-04-23T13:22:23-07:00,3,33
global.js,119,js,14e11337,Triton Stewart,2026-05-01,13:52:06,-07:00,2026-05-01T13:52:06-07:00,3,3
global.js,120,js,14e11337,Triton Stewart,2026-05-01,13:52:06,-07:00,2026-05-01T13:52:06-07:00,4,27
global.js,121,js,14e11337,Triton Stewart,2026-05-01,13:52:06,-07:00,2026-05-01T13:52:06-07:00,4,44
global.js,122,js,14e11337,Triton Stewart,2026-05-01,13:52:06,-07:00,2026-05-01T13:52:06-07:00,3,4
global.js,123,js,e12a4823,Triton Stewart,2026-04-23,13:22:23,-07:00,2026-04-23T13:22:23-07:00,2,0
global.js,124,js,e12a4823,Triton Stewart,2026-04-23,13:22:23,-07:00,2026-04-23T13:22:23-07:00,0,0
global.js,125,js,e12a4823,Triton Stewart,2026-04-23,13:22:23,-07:00,2026-04-23T13:22:23-07:00,2,29
global.js,126,js,e12a4823,Triton Stewart,2026-04-23,13:22:23,-07:00,2026-04-23T13:22:23-07:00,1,1
global.js,127,js,e12a4823,Triton Stewart,2026-04-23,13:22:23,-07:00,2026-04-23T13:22:23-07:00,0,0
global.js,128,js,e12a4823,Triton Stewart,2026-04-23,13:22:23,-07:00,2026-04-23T13:22:23-07:00,0,0
global.js,129,js,e12a4823,Triton Stewart,2026-04-23,13:22:23,-07:00,2026-04-23T13:22:23-07:00,0,47
global.js,130,js,e12a4823,Triton Stewart,2026-04-23,13:22:23,-07:00,2026-04-23T13:22:23-07:00,1,59
global.js,131,js,5d12e02d,Triton Stewart,2026-05-04,16:27:18,-07:00,2026-05-04T16:27:18-07:00,0,0
global.js,132,js,5d12e02d,Triton Stewart,2026-05-04,16:27:18,-07:00,2026-05-04T16:27:18-07:00,0,0
projects\projects.js,1,js,e12a4823,Triton Stewart,2026-04-23,13:22:23,-07:00,2026-04-23T13:22:23-07:00,0,55
projects\projects.js,2,js,14e11337,Triton Stewart,2026-05-01,13:52:06,-07:00,2026-05-01T13:52:06-07:00,0,63
projects\projects.js,3,js,e12a4823,Triton Stewart,2026-04-23,13:22:23,-07:00,2026-04-23T13:22:23-07:00,0,0
projects\projects.js,4,js,e12a4823,Triton Stewart,2026-04-23,13:22:23,-07:00,2026-04-23T13:22:23-07:00,0,55
projects\projects.js,5,js,e12a4823,Triton Stewart,2026-04-23,13:22:23,-07:00,2026-04-23T13:22:23-07:00,0,0
projects\projects.js,6,js,6c0208a8,Triton Stewart,2026-05-01,23:24:32,-07:00,2026-05-01T23:24:32-07:00,0,13
projects\projects.js,7,js,6c0208a8,Triton Stewart,2026-05-01,23:24:32,-07:00,2026-05-01T23:24:32-07:00,0,53
projects\projects.js,8,js,6c0208a8,Triton Stewart,2026-05-01,23:24:32,-07:00,2026-05-01T23:24:32-07:00,0,0
projects\projects.js,9,js,6c0208a8,Triton Stewart,2026-05-01,23:24:32,-07:00,2026-05-01T23:24:32-07:00,0,54
projects\projects.js,10,js,e12a4823,Triton Stewart,2026-04-23,13:22:23,-07:00,2026-04-23T13:22:23-07:00,0,48
projects\projects.js,11,js,e12a4823,Triton Stewart,2026-04-23,13:22:23,-07:00,2026-04-23T13:22:23-07:00,0,0
projects\projects.js,12,js,6c0208a8,Triton Stewart,2026-05-01,23:24:32,-07:00,2026-05-01T23:24:32-07:00,0,60
projects\projects.js,13,js,6c0208a8,Triton Stewart,2026-05-01,23:24:32,-07:00,2026-05-01T23:24:32-07:00,0,0
projects\projects.js,14,js,6c0208a8,Triton Stewart,2026-05-01,23:24:32,-07:00,2026-05-01T23:24:32-07:00,0,47
projects\projects.js,15,js,6c0208a8,Triton Stewart,2026-05-01,23:24:32,-07:00,2026-05-01T23:24:32-07:00,0,21
projects\projects.js,16,js,6c0208a8,Triton Stewart,2026-05-01,23:24:32,-07:00,2026-05-01T23:24:32-07:00,0,0
projects\projects.js,17,js,6c0208a8,Triton Stewart,2026-05-01,23:24:32,-07:00,2026-05-01T23:24:32-07:00,0,30
projects\projects.js,18,js,6c0208a8,Triton Stewart,2026-05-01,23:24:32,-07:00,2026-05-01T23:24:32-07:00,1,51
projects\projects.js,19,js,6c0208a8,Triton Stewart,2026-05-01,23:24:32,-07:00,2026-05-01T23:24:32-07:00,2,59
projects\projects.js,20,js,6c0208a8,Triton Stewart,2026-05-01,23:24:32,-07:00,2026-05-01T23:24:32-07:00,2,42
projects\projects.js,21,js,6c0208a8,Triton Stewart,2026-05-01,23:24:32,-07:00,2026-05-01T23:24:32-07:00,1,1
projects\projects.js,22,js,6c0208a8,Triton Stewart,2026-05-01,23:24:32,-07:00,2026-05-01T23:24:32-07:00,0,0
projects\projects.js,23,js,6c0208a8,Triton Stewart,2026-05-01,23:24:32,-07:00,2026-05-01T23:24:32-07:00,1,22
projects\projects.js,24,js,6c0208a8,Triton Stewart,2026-05-01,23:24:32,-07:00,2026-05-01T23:24:32-07:00,0,0
projects\projects.js,25,js,6c0208a8,Triton Stewart,2026-05-01,23:24:32,-07:00,2026-05-01T23:24:32-07:00,0,0
projects\projects.js,26,js,6c0208a8,Triton Stewart,2026-05-01,23:24:32,-07:00,2026-05-01T23:24:32-07:00,0,24
projects\projects.js,27,js,6c0208a8,Triton Stewart,2026-05-01,23:24:32,-07:00,2026-05-01T23:24:32-07:00,1,43
projects\projects.js,28,js,6c0208a8,Triton Stewart,2026-05-01,23:24:32,-07:00,2026-05-01T23:24:32-07:00,0,0
projects\projects.js,29,js,6c0208a8,Triton Stewart,2026-05-01,23:24:32,-07:00,2026-05-01T23:24:32-07:00,1,25
projects\projects.js,30,js,6c0208a8,Triton Stewart,2026-05-01,23:24:32,-07:00,2026-05-01T23:24:32-07:00,2,26
projects\projects.js,31,js,6c0208a8,Triton Stewart,2026-05-01,23:24:32,-07:00,2026-05-01T23:24:32-07:00,3,15
projects\projects.js,32,js,6c0208a8,Triton Stewart,2026-05-01,23:24:32,-07:00,2026-05-01T23:24:32-07:00,3,14
projects\projects.js,33,js,6c0208a8,Triton Stewart,2026-05-01,23:24:32,-07:00,2026-05-01T23:24:32-07:00,3,11
projects\projects.js,34,js,6c0208a8,Triton Stewart,2026-05-01,23:24:32,-07:00,2026-05-01T23:24:32-07:00,2,0
projects\projects.js,35,js,6c0208a8,Triton Stewart,2026-05-01,23:24:32,-07:00,2026-05-01T23:24:32-07:00,0,0
projects\projects.js,36,js,6c0208a8,Triton Stewart,2026-05-01,23:24:32,-07:00,2026-05-01T23:24:32-07:00,2,44
projects\projects.js,37,js,6c0208a8,Triton Stewart,2026-05-01,23:24:32,-07:00,2026-05-01T23:24:32-07:00,3,35
projects\projects.js,38,js,6c0208a8,Triton Stewart,2026-05-01,23:24:32,-07:00,2026-05-01T23:24:32-07:00,2,1
projects\projects.js,39,js,6c0208a8,Triton Stewart,2026-05-01,23:24:32,-07:00,2026-05-01T23:24:32-07:00,0,0
projects\projects.js,40,js,6c0208a8,Triton Stewart,2026-05-01,23:24:32,-07:00,2026-05-01T23:24:32-07:00,2,44
projects\projects.js,41,js,6c0208a8,Triton Stewart,2026-05-01,23:24:32,-07:00,2026-05-01T23:24:32-07:00,0,0
projects\projects.js,42,js,6c0208a8,Triton Stewart,2026-05-01,23:24:32,-07:00,2026-05-01T23:24:32-07:00,2,17
projects\projects.js,43,js,6c0208a8,Triton Stewart,2026-05-01,23:24:32,-07:00,2026-05-01T23:24:32-07:00,3,41
projects\projects.js,44,js,6c0208a8,Triton Stewart,2026-05-01,23:24:32,-07:00,2026-05-01T23:24:32-07:00,4,40
projects\projects.js,45,js,6c0208a8,Triton Stewart,2026-05-01,23:24:32,-07:00,2026-05-01T23:24:32-07:00,3,0
projects\projects.js,46,js,6c0208a8,Triton Stewart,2026-05-01,23:24:32,-07:00,2026-05-01T23:24:32-07:00,2,0
projects\projects.js,47,js,6c0208a8,Triton Stewart,2026-05-01,23:24:32,-07:00,2026-05-01T23:24:32-07:00,1,0
projects\projects.js,48,js,6c0208a8,Triton Stewart,2026-05-01,23:24:32,-07:00,2026-05-01T23:24:32-07:00,0,0
projects\projects.js,49,js,6c0208a8,Triton Stewart,2026-05-01,23:24:32,-07:00,2026-05-01T23:24:32-07:00,1,56
projects\projects.js,50,js,6c0208a8,Triton Stewart,2026-05-01,23:24:32,-07:00,2026-05-01T23:24:32-07:00,1,36
projects\projects.js,51,js,6c0208a8,Triton Stewart,2026-05-01,23:24:32,-07:00,2026-05-01T23:24:32-07:00,0,0
projects\projects.js,52,js,6c0208a8,Triton Stewart,2026-05-01,23:24:32,-07:00,2026-05-01T23:24:32-07:00,0,0
projects\projects.js,53,js,6c0208a8,Triton Stewart,2026-05-01,23:24:32,-07:00,2026-05-01T23:24:32-07:00,0,38
projects\projects.js,54,js,6c0208a8,Triton Stewart,2026-05-01,23:24:32,-07:00,2026-05-01T23:24:32-07:00,1,26
projects\projects.js,55,js,6c0208a8,Triton Stewart,2026-05-01,23:24:32,-07:00,2026-05-01T23:24:32-07:00,2,12
projects\projects.js,56,js,6c0208a8,Triton Stewart,2026-05-01,23:24:32,-07:00,2026-05-01T23:24:32-07:00,2,14
projects\projects.js,57,js,6c0208a8,Triton Stewart,2026-05-01,23:24:32,-07:00,2026-05-01T23:24:32-07:00,2,11
projects\projects.js,58,js,6c0208a8,Triton Stewart,2026-05-01,23:24:32,-07:00,2026-05-01T23:24:32-07:00,1,0
projects\projects.js,59,js,6c0208a8,Triton Stewart,2026-05-01,23:24:32,-07:00,2026-05-01T23:24:32-07:00,0,0
projects\projects.js,60,js,6c0208a8,Triton Stewart,2026-05-01,23:24:32,-07:00,2026-05-01T23:24:32-07:00,1,44
projects\projects.js,61,js,6c0208a8,Triton Stewart,2026-05-01,23:24:32,-07:00,2026-05-01T23:24:32-07:00,2,35
projects\projects.js,62,js,6c0208a8,Triton Stewart,2026-05-01,23:24:32,-07:00,2026-05-01T23:24:32-07:00,1,1
projects\projects.js,63,js,6c0208a8,Triton Stewart,2026-05-01,23:24:32,-07:00,2026-05-01T23:24:32-07:00,0,0
projects\projects.js,64,js,6c0208a8,Triton Stewart,2026-05-01,23:24:32,-07:00,2026-05-01T23:24:32-07:00,1,50
projects\projects.js,65,js,6c0208a8,Triton Stewart,2026-05-01,23:24:32,-07:00,2026-05-01T23:24:32-07:00,0,0
projects\projects.js,66,js,6c0208a8,Triton Stewart,2026-05-01,23:24:32,-07:00,2026-05-01T23:24:32-07:00,1,25
projects\projects.js,67,js,6c0208a8,Triton Stewart,2026-05-01,23:24:32,-07:00,2026-05-01T23:24:32-07:00,2,13
projects\projects.js,68,js,6c0208a8,Triton Stewart,2026-05-01,23:24:32,-07:00,2026-05-01T23:24:32-07:00,2,15
projects\projects.js,69,js,e12a4823,Triton Stewart,2026-04-23,13:22:23,-07:00,2026-04-23T13:22:23-07:00,0,0
projects\projects.js,70,js,6c0208a8,Triton Stewart,2026-05-01,23:24:32,-07:00,2026-05-01T23:24:32-07:00,1,33
projects\projects.js,71,js,6c0208a8,Triton Stewart,2026-05-01,23:24:32,-07:00,2026-05-01T23:24:32-07:00,1,45
projects\projects.js,72,js,14e11337,Triton Stewart,2026-05-01,13:52:06,-07:00,2026-05-01T13:52:06-07:00,0,0
projects\projects.js,73,js,6c0208a8,Triton Stewart,2026-05-01,23:24:32,-07:00,2026-05-01T23:24:32-07:00,1,33
projects\projects.js,74,js,6c0208a8,Triton Stewart,2026-05-01,23:24:32,-07:00,2026-05-01T23:24:32-07:00,2,17
projects\projects.js,75,js,6c0208a8,Triton Stewart,2026-05-01,23:24:32,-07:00,2026-05-01T23:24:32-07:00,1,0
projects\projects.js,76,js,14e11337,Triton Stewart,2026-05-01,13:52:06,-07:00,2026-05-01T13:52:06-07:00,0,0
projects\projects.js,77,js,6c0208a8,Triton Stewart,2026-05-01,23:24:32,-07:00,2026-05-01T23:24:32-07:00,1,40
projects\projects.js,78,js,6c0208a8,Triton Stewart,2026-05-01,23:24:32,-07:00,2026-05-01T23:24:32-07:00,1,29
projects\projects.js,79,js,14e11337,Triton Stewart,2026-05-01,13:52:06,-07:00,2026-05-01T13:52:06-07:00,0,0
projects\projects.js,80,js,6c0208a8,Triton Stewart,2026-05-01,23:24:32,-07:00,2026-05-01T23:24:32-07:00,1,32
projects\projects.js,81,js,6c0208a8,Triton Stewart,2026-05-01,23:24:32,-07:00,2026-05-01T23:24:32-07:00,1,30
projects\projects.js,82,js,14e11337,Triton Stewart,2026-05-01,13:52:06,-07:00,2026-05-01T13:52:06-07:00,0,0
projects\projects.js,83,js,6c0208a8,Triton Stewart,2026-05-01,23:24:32,-07:00,2026-05-01T23:24:32-07:00,1,26
projects\projects.js,84,js,6c0208a8,Triton Stewart,2026-05-01,23:24:32,-07:00,2026-05-01T23:24:32-07:00,2,1
projects\projects.js,85,js,6c0208a8,Triton Stewart,2026-05-01,23:24:32,-07:00,2026-05-01T23:24:32-07:00,3,13
projects\projects.js,86,js,6c0208a8,Triton Stewart,2026-05-01,23:24:32,-07:00,2026-05-01T23:24:32-07:00,3,13
projects\projects.js,87,js,6c0208a8,Triton Stewart,2026-05-01,23:24:32,-07:00,2026-05-01T23:24:32-07:00,3,24
projects\projects.js,88,js,6c0208a8,Triton Stewart,2026-05-01,23:24:32,-07:00,2026-05-01T23:24:32-07:00,3,53
projects\projects.js,89,js,6c0208a8,Triton Stewart,2026-05-01,23:24:32,-07:00,2026-05-01T23:24:32-07:00,3,18
projects\projects.js,90,js,6c0208a8,Triton Stewart,2026-05-01,23:24:32,-07:00,2026-05-01T23:24:32-07:00,4,47
projects\projects.js,91,js,6c0208a8,Triton Stewart,2026-05-01,23:24:32,-07:00,2026-05-01T23:24:32-07:00,4,14
projects\projects.js,92,js,6c0208a8,Triton Stewart,2026-05-01,23:24:32,-07:00,2026-05-01T23:24:32-07:00,3,1
projects\projects.js,93,js,6c0208a8,Triton Stewart,2026-05-01,23:24:32,-07:00,2026-05-01T23:24:32-07:00,1,1
projects\projects.js,94,js,14e11337,Triton Stewart,2026-05-01,13:52:06,-07:00,2026-05-01T13:52:06-07:00,0,0
projects\projects.js,95,js,6c0208a8,Triton Stewart,2026-05-01,23:24:32,-07:00,2026-05-01T23:24:32-07:00,1,24
projects\projects.js,96,js,6c0208a8,Triton Stewart,2026-05-01,23:24:32,-07:00,2026-05-01T23:24:32-07:00,2,4
projects\projects.js,97,js,6c0208a8,Triton Stewart,2026-05-01,23:24:32,-07:00,2026-05-01T23:24:32-07:00,3,11
projects\projects.js,98,js,6c0208a8,Triton Stewart,2026-05-01,23:24:32,-07:00,2026-05-01T23:24:32-07:00,3,38
projects\projects.js,99,js,6c0208a8,Triton Stewart,2026-05-01,23:24:32,-07:00,2026-05-01T23:24:32-07:00,3,76
projects\projects.js,100,js,6c0208a8,Triton Stewart,2026-05-01,23:24:32,-07:00,2026-05-01T23:24:32-07:00,3,69
projects\projects.js,101,js,6c0208a8,Triton Stewart,2026-05-01,23:24:32,-07:00,2026-05-01T23:24:32-07:00,1,1
projects\projects.js,102,js,6c0208a8,Triton Stewart,2026-05-01,23:24:32,-07:00,2026-05-01T23:24:32-07:00,0,0
projects\projects.js,103,js,14e11337,Triton Stewart,2026-05-01,13:52:06,-07:00,2026-05-01T13:52:06-07:00,0,0
projects\projects.js,104,js,6c0208a8,Triton Stewart,2026-05-01,23:24:32,-07:00,2026-05-01T23:24:32-07:00,0,14
projects\projects.js,105,js,14e11337,Triton Stewart,2026-05-01,13:52:06,-07:00,2026-05-01T13:52:06-07:00,0,0
projects\projects.js,106,js,6c0208a8,Triton Stewart,2026-05-01,23:24:32,-07:00,2026-05-01T23:24:32-07:00,0,48
projects\projects.js,107,js,6c0208a8,Triton Stewart,2026-05-01,23:24:32,-07:00,2026-05-01T23:24:32-07:00,1,25
projects\projects.js,108,js,6c0208a8,Triton Stewart,2026-05-01,23:24:32,-07:00,2026-05-01T23:24:32-07:00,1,17
projects\projects.js,109,js,6c0208a8,Triton Stewart,2026-05-01,23:24:32,-07:00,2026-05-01T23:24:32-07:00,1,14
projects\projects.js,110,js,6c0208a8,Triton Stewart,2026-05-01,23:24:32,-07:00,2026-05-01T23:24:32-07:00,0,1
projects\index.html,1,html,abdbf659,Triton Stewart,2026-04-10,23:26:56,-07:00,2026-04-10T23:26:56-07:00,0,13
projects\index.html,2,html,abdbf659,Triton Stewart,2026-04-10,23:26:56,-07:00,2026-04-10T23:26:56-07:00,0,14
projects\index.html,3,html,abdbf659,Triton Stewart,2026-04-10,23:26:56,-07:00,2026-04-10T23:26:56-07:00,0,4
projects\index.html,4,html,abdbf659,Triton Stewart,2026-04-10,23:26:56,-07:00,2026-04-10T23:26:56-07:00,1,20
projects\index.html,5,html,abdbf659,Triton Stewart,2026-04-10,23:26:56,-07:00,2026-04-10T23:26:56-07:00,1,68
projects\index.html,6,html,abdbf659,Triton Stewart,2026-04-10,23:26:56,-07:00,2026-04-10T23:26:56-07:00,1,21
projects\index.html,7,html,abdbf659,Triton Stewart,2026-04-10,23:26:56,-07:00,2026-04-10T23:26:56-07:00,1,41
projects\index.html,8,html,abdbf659,Triton Stewart,2026-04-10,23:26:56,-07:00,2026-04-10T23:26:56-07:00,0,5
projects\index.html,9,html,abdbf659,Triton Stewart,2026-04-10,23:26:56,-07:00,2026-04-10T23:26:56-07:00,0,4
projects\index.html,10,html,e12a4823,Triton Stewart,2026-04-23,13:22:23,-07:00,2026-04-23T13:22:23-07:00,1,38
projects\index.html,11,html,abdbf659,Triton Stewart,2026-04-10,23:26:56,-07:00,2026-04-10T23:26:56-07:00,0,0
projects\index.html,12,html,6c0208a8,Triton Stewart,2026-05-01,23:24:32,-07:00,2026-05-01T23:24:32-07:00,1,21
projects\index.html,13,html,6c0208a8,Triton Stewart,2026-05-01,23:24:32,-07:00,2026-05-01T23:24:32-07:00,2,58
projects\index.html,14,html,6c0208a8,Triton Stewart,2026-05-01,23:24:32,-07:00,2026-05-01T23:24:32-07:00,2,22
projects\index.html,15,html,6c0208a8,Triton Stewart,2026-05-01,23:24:32,-07:00,2026-05-01T23:24:32-07:00,1,4
projects\index.html,16,html,6c0208a8,Triton Stewart,2026-05-01,23:24:32,-07:00,2026-05-01T23:24:32-07:00,0,0
projects\index.html,17,html,6c0208a8,Triton Stewart,2026-05-01,23:24:32,-07:00,2026-05-01T23:24:32-07:00,1,4
projects\index.html,18,html,6c0208a8,Triton Stewart,2026-05-01,23:24:32,-07:00,2026-05-01T23:24:32-07:00,2,15
projects\index.html,19,html,6c0208a8,Triton Stewart,2026-05-01,23:24:32,-07:00,2026-05-01T23:24:32-07:00,2,11
projects\index.html,20,html,6c0208a8,Triton Stewart,2026-05-01,23:24:32,-07:00,2026-05-01T23:24:32-07:00,2,26
projects\index.html,21,html,6c0208a8,Triton Stewart,2026-05-01,23:24:32,-07:00,2026-05-01T23:24:32-07:00,2,33
projects\index.html,22,html,6c0208a8,Triton Stewart,2026-05-01,23:24:32,-07:00,2026-05-01T23:24:32-07:00,1,0
projects\index.html,23,html,14e11337,Triton Stewart,2026-05-01,13:52:06,-07:00,2026-05-01T13:52:06-07:00,0,0
projects\index.html,24,html,e12a4823,Triton Stewart,2026-04-23,13:22:23,-07:00,2026-04-23T13:22:23-07:00,1,26
projects\index.html,25,html,eb9e08cf,Triton Stewart,2026-04-17,17:41:01,-07:00,2026-04-17T17:41:01-07:00,0,0
projects\index.html,26,html,eb9e08cf,Triton Stewart,2026-04-17,17:41:01,-07:00,2026-04-17T17:41:01-07:00,1,48
projects\index.html,27,html,e12a4823,Triton Stewart,2026-04-23,13:22:23,-07:00,2026-04-23T13:22:23-07:00,1,47
projects\index.html,28,html,abdbf659,Triton Stewart,2026-04-10,23:26:56,-07:00,2026-04-10T23:26:56-07:00,0,5
projects\index.html,29,html,6c0208a8,Triton Stewart,2026-05-01,23:24:32,-07:00,2026-05-01T23:24:32-07:00,0,5
projects\index.html,30,html,6c0208a8,Triton Stewart,2026-05-01,23:24:32,-07:00,2026-05-01T23:24:32-07:00,0,0
meta\index.html,1,html,5d12e02d,Triton Stewart,2026-05-04,16:27:18,-07:00,2026-05-04T16:27:18-07:00,0,13
meta\index.html,2,html,5d12e02d,Triton Stewart,2026-05-04,16:27:18,-07:00,2026-05-04T16:27:18-07:00,0,14
meta\index.html,3,html,5d12e02d,Triton Stewart,2026-05-04,16:27:18,-07:00,2026-05-04T16:27:18-07:00,0,4
meta\index.html,4,html,5d12e02d,Triton Stewart,2026-05-04,16:27:18,-07:00,2026-05-04T16:27:18-07:00,1,20
meta\index.html,5,html,5d12e02d,Triton Stewart,2026-05-04,16:27:18,-07:00,2026-05-04T16:27:18-07:00,1,68
meta\index.html,6,html,5d12e02d,Triton Stewart,2026-05-04,16:27:18,-07:00,2026-05-04T16:27:18-07:00,1,17
meta\index.html,7,html,5d12e02d,Triton Stewart,2026-05-04,16:27:18,-07:00,2026-05-04T16:27:18-07:00,1,41
meta\index.html,8,html,5d12e02d,Triton Stewart,2026-05-04,16:27:18,-07:00,2026-05-04T16:27:18-07:00,0,5
meta\index.html,9,html,5d12e02d,Triton Stewart,2026-05-04,16:27:18,-07:00,2026-05-04T16:27:18-07:00,0,4
meta\index.html,10,html,5d12e02d,Triton Stewart,2026-05-04,16:27:18,-07:00,2026-05-04T16:27:18-07:00,1,11
meta\index.html,11,html,5d12e02d,Triton Stewart,2026-05-04,16:27:18,-07:00,2026-05-04T16:27:18-07:00,0,0
meta\index.html,12,html,5d12e02d,Triton Stewart,2026-05-04,16:27:18,-07:00,2026-05-04T16:27:18-07:00,1,61
meta\index.html,13,html,5d12e02d,Triton Stewart,2026-05-04,16:27:18,-07:00,2026-05-04T16:27:18-07:00,0,0
meta\index.html,14,html,5d12e02d,Triton Stewart,2026-05-04,16:27:18,-07:00,2026-05-04T16:27:18-07:00,1,48
meta\index.html,15,html,5d12e02d,Triton Stewart,2026-05-04,16:27:18,-07:00,2026-05-04T16:27:18-07:00,0,5
meta\index.html,16,html,5d12e02d,Triton Stewart,2026-05-04,16:27:18,-07:00,2026-05-04T16:27:18-07:00,0,5
cv\index.html,1,html,7df0dedc,Triton Stewart,2026-04-01,21:44:12,-07:00,2026-04-01T21:44:12-07:00,0,13
cv\index.html,2,html,7df0dedc,Triton Stewart,2026-04-01,21:44:12,-07:00,2026-04-01T21:44:12-07:00,0,14
cv\index.html,3,html,7df0dedc,Triton Stewart,2026-04-01,21:44:12,-07:00,2026-04-01T21:44:12-07:00,0,4
cv\index.html,4,html,debfaba6,Triton Stewart,2026-04-11,17:50:56,-07:00,2026-04-11T17:50:56-07:00,1,20
cv\index.html,5,html,debfaba6,Triton Stewart,2026-04-11,17:50:56,-07:00,2026-04-11T17:50:56-07:00,1,68
cv\index.html,6,html,debfaba6,Triton Stewart,2026-04-11,17:50:56,-07:00,2026-04-11T17:50:56-07:00,1,15
cv\index.html,7,html,debfaba6,Triton Stewart,2026-04-11,17:50:56,-07:00,2026-04-11T17:50:56-07:00,1,41
cv\index.html,8,html,7df0dedc,Triton Stewart,2026-04-01,21:44:12,-07:00,2026-04-01T21:44:12-07:00,0,5
cv\index.html,9,html,7df0dedc,Triton Stewart,2026-04-01,21:44:12,-07:00,2026-04-01T21:44:12-07:00,0,4
cv\index.html,10,html,7df0dedc,Triton Stewart,2026-04-01,21:44:12,-07:00,2026-04-01T21:44:12-07:00,0,0
cv\index.html,11,html,debfaba6,Triton Stewart,2026-04-11,17:50:56,-07:00,2026-04-11T17:50:56-07:00,1,19
cv\index.html,12,html,debfaba6,Triton Stewart,2026-04-11,17:50:56,-07:00,2026-04-11T17:50:56-07:00,2,28
cv\index.html,13,html,debfaba6,Triton Stewart,2026-04-11,17:50:56,-07:00,2026-04-11T17:50:56-07:00,3,21
cv\index.html,14,html,debfaba6,Triton Stewart,2026-04-11,17:50:56,-07:00,2026-04-11T17:50:56-07:00,3,65
cv\index.html,15,html,debfaba6,Triton Stewart,2026-04-11,17:50:56,-07:00,2026-04-11T17:50:56-07:00,3,1
cv\index.html,16,html,debfaba6,Triton Stewart,2026-04-11,17:50:56,-07:00,2026-04-11T17:50:56-07:00,4,58
cv\index.html,17,html,debfaba6,Triton Stewart,2026-04-11,17:50:56,-07:00,2026-04-11T17:50:56-07:00,4,76
cv\index.html,18,html,debfaba6,Triton Stewart,2026-04-11,17:50:56,-07:00,2026-04-11T17:50:56-07:00,4,25
cv\index.html,19,html,debfaba6,Triton Stewart,2026-04-11,17:50:56,-07:00,2026-04-11T17:50:56-07:00,3,2
cv\index.html,20,html,debfaba6,Triton Stewart,2026-04-11,17:50:56,-07:00,2026-04-11T17:50:56-07:00,2,7
cv\index.html,21,html,7df0dedc,Triton Stewart,2026-04-01,21:44:12,-07:00,2026-04-01T21:44:12-07:00,0,0
cv\index.html,22,html,7df0dedc,Triton Stewart,2026-04-01,21:44:12,-07:00,2026-04-01T21:44:12-07:00,2,7
cv\index.html,23,html,debfaba6,Triton Stewart,2026-04-11,17:50:56,-07:00,2026-04-11T17:50:56-07:00,3,16
cv\index.html,24,html,debfaba6,Triton Stewart,2026-04-11,17:50:56,-07:00,2026-04-11T17:50:56-07:00,3,7
cv\index.html,25,html,debfaba6,Triton Stewart,2026-04-11,17:50:56,-07:00,2026-04-11T17:50:56-07:00,4,6
cv\index.html,26,html,debfaba6,Triton Stewart,2026-04-11,17:50:56,-07:00,2026-04-11T17:50:56-07:00,5,41
cv\index.html,27,html,debfaba6,Triton Stewart,2026-04-11,17:50:56,-07:00,2026-04-11T17:50:56-07:00,5,19
cv\index.html,28,html,debfaba6,Triton Stewart,2026-04-11,17:50:56,-07:00,2026-04-11T17:50:56-07:00,4,7
cv\index.html,29,html,debfaba6,Triton Stewart,2026-04-11,17:50:56,-07:00,2026-04-11T17:50:56-07:00,4,41
cv\index.html,30,html,debfaba6,Triton Stewart,2026-04-11,17:50:56,-07:00,2026-04-11T17:50:56-07:00,3,8
cv\index.html,31,html,7df0dedc,Triton Stewart,2026-04-01,21:44:12,-07:00,2026-04-01T21:44:12-07:00,2,8
cv\index.html,32,html,7df0dedc,Triton Stewart,2026-04-01,21:44:12,-07:00,2026-04-01T21:44:12-07:00,0,0
cv\index.html,33,html,7df0dedc,Triton Stewart,2026-04-01,21:44:12,-07:00,2026-04-01T21:44:12-07:00,2,7
cv\index.html,34,html,debfaba6,Triton Stewart,2026-04-11,17:50:56,-07:00,2026-04-11T17:50:56-07:00,3,17
cv\index.html,35,html,7df0dedc,Triton Stewart,2026-04-01,21:44:12,-07:00,2026-04-01T21:44:12-07:00,0,0
cv\index.html,36,html,debfaba6,Triton Stewart,2026-04-11,17:50:56,-07:00,2026-04-11T17:50:56-07:00,3,7
cv\index.html,37,html,debfaba6,Triton Stewart,2026-04-11,17:50:56,-07:00,2026-04-11T17:50:56-07:00,4,6
cv\index.html,38,html,debfaba6,Triton Stewart,2026-04-11,17:50:56,-07:00,2026-04-11T17:50:56-07:00,5,33
cv\index.html,39,html,debfaba6,Triton Stewart,2026-04-11,17:50:56,-07:00,2026-04-11T17:50:56-07:00,5,27
cv\index.html,40,html,debfaba6,Triton Stewart,2026-04-11,17:50:56,-07:00,2026-04-11T17:50:56-07:00,4,7
cv\index.html,41,html,debfaba6,Triton Stewart,2026-04-11,17:50:56,-07:00,2026-04-11T17:50:56-07:00,4,54
cv\index.html,42,html,debfaba6,Triton Stewart,2026-04-11,17:50:56,-07:00,2026-04-11T17:50:56-07:00,4,2
cv\index.html,43,html,debfaba6,Triton Stewart,2026-04-11,17:50:56,-07:00,2026-04-11T17:50:56-07:00,5,182
cv\index.html,44,html,debfaba6,Triton Stewart,2026-04-11,17:50:56,-07:00,2026-04-11T17:50:56-07:00,5,185
cv\index.html,45,html,debfaba6,Triton Stewart,2026-04-11,17:50:56,-07:00,2026-04-11T17:50:56-07:00,5,172
cv\index.html,46,html,debfaba6,Triton Stewart,2026-04-11,17:50:56,-07:00,2026-04-11T17:50:56-07:00,5,117
cv\index.html,47,html,debfaba6,Triton Stewart,2026-04-11,17:50:56,-07:00,2026-04-11T17:50:56-07:00,4,3
cv\index.html,48,html,debfaba6,Triton Stewart,2026-04-11,17:50:56,-07:00,2026-04-11T17:50:56-07:00,3,8
cv\index.html,49,html,7df0dedc,Triton Stewart,2026-04-01,21:44:12,-07:00,2026-04-01T21:44:12-07:00,0,0
cv\index.html,50,html,debfaba6,Triton Stewart,2026-04-11,17:50:56,-07:00,2026-04-11T17:50:56-07:00,3,7
cv\index.html,51,html,debfaba6,Triton Stewart,2026-04-11,17:50:56,-07:00,2026-04-11T17:50:56-07:00,4,6
cv\index.html,52,html,debfaba6,Triton Stewart,2026-04-11,17:50:56,-07:00,2026-04-11T17:50:56-07:00,5,34
cv\index.html,53,html,debfaba6,Triton Stewart,2026-04-11,17:50:56,-07:00,2026-04-11T17:50:56-07:00,5,26
cv\index.html,54,html,debfaba6,Triton Stewart,2026-04-11,17:50:56,-07:00,2026-04-11T17:50:56-07:00,4,7
cv\index.html,55,html,debfaba6,Triton Stewart,2026-04-11,17:50:56,-07:00,2026-04-11T17:50:56-07:00,4,58
cv\index.html,56,html,debfaba6,Triton Stewart,2026-04-11,17:50:56,-07:00,2026-04-11T17:50:56-07:00,4,2
cv\index.html,57,html,debfaba6,Triton Stewart,2026-04-11,17:50:56,-07:00,2026-04-11T17:50:56-07:00,5,85
cv\index.html,58,html,debfaba6,Triton Stewart,2026-04-11,17:50:56,-07:00,2026-04-11T17:50:56-07:00,5,100
cv\index.html,59,html,debfaba6,Triton Stewart,2026-04-11,17:50:56,-07:00,2026-04-11T17:50:56-07:00,4,3
cv\index.html,60,html,debfaba6,Triton Stewart,2026-04-11,17:50:56,-07:00,2026-04-11T17:50:56-07:00,3,8
cv\index.html,61,html,7df0dedc,Triton Stewart,2026-04-01,21:44:12,-07:00,2026-04-01T21:44:12-07:00,0,0
cv\index.html,62,html,debfaba6,Triton Stewart,2026-04-11,17:50:56,-07:00,2026-04-11T17:50:56-07:00,3,7
cv\index.html,63,html,debfaba6,Triton Stewart,2026-04-11,17:50:56,-07:00,2026-04-11T17:50:56-07:00,4,6
cv\index.html,64,html,debfaba6,Triton Stewart,2026-04-11,17:50:56,-07:00,2026-04-11T17:50:56-07:00,5,22
cv\index.html,65,html,debfaba6,Triton Stewart,2026-04-11,17:50:56,-07:00,2026-04-11T17:50:56-07:00,5,28
cv\index.html,66,html,debfaba6,Triton Stewart,2026-04-11,17:50:56,-07:00,2026-04-11T17:50:56-07:00,4,7
cv\index.html,67,html,debfaba6,Triton Stewart,2026-04-11,17:50:56,-07:00,2026-04-11T17:50:56-07:00,4,68
cv\index.html,68,html,debfaba6,Triton Stewart,2026-04-11,17:50:56,-07:00,2026-04-11T17:50:56-07:00,4,2
cv\index.html,69,html,debfaba6,Triton Stewart,2026-04-11,17:50:56,-07:00,2026-04-11T17:50:56-07:00,5,114
cv\index.html,70,html,debfaba6,Triton Stewart,2026-04-11,17:50:56,-07:00,2026-04-11T17:50:56-07:00,5,108
cv\index.html,71,html,debfaba6,Triton Stewart,2026-04-11,17:50:56,-07:00,2026-04-11T17:50:56-07:00,4,3
cv\index.html,72,html,debfaba6,Triton Stewart,2026-04-11,17:50:56,-07:00,2026-04-11T17:50:56-07:00,3,8
cv\index.html,73,html,7df0dedc,Triton Stewart,2026-04-01,21:44:12,-07:00,2026-04-01T21:44:12-07:00,0,0
cv\index.html,74,html,debfaba6,Triton Stewart,2026-04-11,17:50:56,-07:00,2026-04-11T17:50:56-07:00,3,7
cv\index.html,75,html,debfaba6,Triton Stewart,2026-04-11,17:50:56,-07:00,2026-04-11T17:50:56-07:00,4,6
cv\index.html,76,html,debfaba6,Triton Stewart,2026-04-11,17:50:56,-07:00,2026-04-11T17:50:56-07:00,5,21
cv\index.html,77,html,debfaba6,Triton Stewart,2026-04-11,17:50:56,-07:00,2026-04-11T17:50:56-07:00,5,32
cv\index.html,78,html,debfaba6,Triton Stewart,2026-04-11,17:50:56,-07:00,2026-04-11T17:50:56-07:00,4,7
cv\index.html,79,html,debfaba6,Triton Stewart,2026-04-11,17:50:56,-07:00,2026-04-11T17:50:56-07:00,4,38
cv\index.html,80,html,debfaba6,Triton Stewart,2026-04-11,17:50:56,-07:00,2026-04-11T17:50:56-07:00,4,2
cv\index.html,81,html,debfaba6,Triton Stewart,2026-04-11,17:50:56,-07:00,2026-04-11T17:50:56-07:00,5,103
cv\index.html,82,html,debfaba6,Triton Stewart,2026-04-11,17:50:56,-07:00,2026-04-11T17:50:56-07:00,4,3
cv\index.html,83,html,debfaba6,Triton Stewart,2026-04-11,17:50:56,-07:00,2026-04-11T17:50:56-07:00,3,8
cv\index.html,84,html,7df0dedc,Triton Stewart,2026-04-01,21:44:12,-07:00,2026-04-01T21:44:12-07:00,2,8
cv\index.html,85,html,7df0dedc,Triton Stewart,2026-04-01,21:44:12,-07:00,2026-04-01T21:44:12-07:00,0,0
cv\index.html,86,html,7df0dedc,Triton Stewart,2026-04-01,21:44:12,-07:00,2026-04-01T21:44:12-07:00,2,7
cv\index.html,87,html,debfaba6,Triton Stewart,2026-04-11,17:50:56,-07:00,2026-04-11T17:50:56-07:00,3,15
cv\index.html,88,html,7df0dedc,Triton Stewart,2026-04-01,21:44:12,-07:00,2026-04-01T21:44:12-07:00,0,0
cv\index.html,89,html,debfaba6,Triton Stewart,2026-04-11,17:50:56,-07:00,2026-04-11T17:50:56-07:00,3,7
cv\index.html,90,html,debfaba6,Triton Stewart,2026-04-11,17:50:56,-07:00,2026-04-11T17:50:56-07:00,4,6
cv\index.html,91,html,debfaba6,Triton Stewart,2026-04-11,17:50:56,-07:00,2026-04-11T17:50:56-07:00,5,15
cv\index.html,92,html,debfaba6,Triton Stewart,2026-04-11,17:50:56,-07:00,2026-04-11T17:50:56-07:00,5,22
cv\index.html,93,html,debfaba6,Triton Stewart,2026-04-11,17:50:56,-07:00,2026-04-11T17:50:56-07:00,4,7
cv\index.html,94,html,debfaba6,Triton Stewart,2026-04-11,17:50:56,-07:00,2026-04-11T17:50:56-07:00,4,2
cv\index.html,95,html,debfaba6,Triton Stewart,2026-04-11,17:50:56,-07:00,2026-04-11T17:50:56-07:00,5,156
cv\index.html,96,html,debfaba6,Triton Stewart,2026-04-11,17:50:56,-07:00,2026-04-11T17:50:56-07:00,5,145
cv\index.html,97,html,debfaba6,Triton Stewart,2026-04-11,17:50:56,-07:00,2026-04-11T17:50:56-07:00,4,3
cv\index.html,98,html,debfaba6,Triton Stewart,2026-04-11,17:50:56,-07:00,2026-04-11T17:50:56-07:00,3,8
cv\index.html,99,html,7df0dedc,Triton Stewart,2026-04-01,21:44:12,-07:00,2026-04-01T21:44:12-07:00,0,0
cv\index.html,100,html,debfaba6,Triton Stewart,2026-04-11,17:50:56,-07:00,2026-04-11T17:50:56-07:00,3,7
cv\index.html,101,html,debfaba6,Triton Stewart,2026-04-11,17:50:56,-07:00,2026-04-11T17:50:56-07:00,4,6
cv\index.html,102,html,debfaba6,Triton Stewart,2026-04-11,17:50:56,-07:00,2026-04-11T17:50:56-07:00,5,38
cv\index.html,103,html,debfaba6,Triton Stewart,2026-04-11,17:50:56,-07:00,2026-04-11T17:50:56-07:00,5,19
cv\index.html,104,html,debfaba6,Triton Stewart,2026-04-11,17:50:56,-07:00,2026-04-11T17:50:56-07:00,4,7
cv\index.html,105,html,debfaba6,Triton Stewart,2026-04-11,17:50:56,-07:00,2026-04-11T17:50:56-07:00,4,2
cv\index.html,106,html,debfaba6,Triton Stewart,2026-04-11,17:50:56,-07:00,2026-04-11T17:50:56-07:00,5,92
cv\index.html,107,html,debfaba6,Triton Stewart,2026-04-11,17:50:56,-07:00,2026-04-11T17:50:56-07:00,5,125
cv\index.html,108,html,debfaba6,Triton Stewart,2026-04-11,17:50:56,-07:00,2026-04-11T17:50:56-07:00,4,3
cv\index.html,109,html,debfaba6,Triton Stewart,2026-04-11,17:50:56,-07:00,2026-04-11T17:50:56-07:00,3,8
cv\index.html,110,html,7df0dedc,Triton Stewart,2026-04-01,21:44:12,-07:00,2026-04-01T21:44:12-07:00,0,0
cv\index.html,111,html,debfaba6,Triton Stewart,2026-04-11,17:50:56,-07:00,2026-04-11T17:50:56-07:00,3,7
cv\index.html,112,html,debfaba6,Triton Stewart,2026-04-11,17:50:56,-07:00,2026-04-11T17:50:56-07:00,4,6
cv\index.html,113,html,debfaba6,Triton Stewart,2026-04-11,17:50:56,-07:00,2026-04-11T17:50:56-07:00,5,22
cv\index.html,114,html,debfaba6,Triton Stewart,2026-04-11,17:50:56,-07:00,2026-04-11T17:50:56-07:00,5,19
cv\index.html,115,html,debfaba6,Triton Stewart,2026-04-11,17:50:56,-07:00,2026-04-11T17:50:56-07:00,4,7
cv\index.html,116,html,7df0dedc,Triton Stewart,2026-04-01,21:44:12,-07:00,2026-04-01T21:44:12-07:00,4,2
cv\index.html,117,html,debfaba6,Triton Stewart,2026-04-11,17:50:56,-07:00,2026-04-11T17:50:56-07:00,5,92
cv\index.html,118,html,debfaba6,Triton Stewart,2026-04-11,17:50:56,-07:00,2026-04-11T17:50:56-07:00,5,87
cv\index.html,119,html,7df0dedc,Triton Stewart,2026-04-01,21:44:12,-07:00,2026-04-01T21:44:12-07:00,4,3
cv\index.html,120,html,debfaba6,Triton Stewart,2026-04-11,17:50:56,-07:00,2026-04-11T17:50:56-07:00,3,8
cv\index.html,121,html,debfaba6,Triton Stewart,2026-04-11,17:50:56,-07:00,2026-04-11T17:50:56-07:00,2,8
cv\index.html,122,html,debfaba6,Triton Stewart,2026-04-11,17:50:56,-07:00,2026-04-11T17:50:56-07:00,0,0
cv\index.html,123,html,debfaba6,Triton Stewart,2026-04-11,17:50:56,-07:00,2026-04-11T17:50:56-07:00,2,7
cv\index.html,124,html,debfaba6,Triton Stewart,2026-04-11,17:50:56,-07:00,2026-04-11T17:50:56-07:00,3,13
cv\index.html,125,html,debfaba6,Triton Stewart,2026-04-11,17:50:56,-07:00,2026-04-11T17:50:56-07:00,3,17
cv\index.html,126,html,debfaba6,Triton Stewart,2026-04-11,17:50:56,-07:00,2026-04-11T17:50:56-07:00,4,13
cv\index.html,127,html,debfaba6,Triton Stewart,2026-04-11,17:50:56,-07:00,2026-04-11T17:50:56-07:00,4,13
cv\index.html,128,html,debfaba6,Triton Stewart,2026-04-11,17:50:56,-07:00,2026-04-11T17:50:56-07:00,4,12
cv\index.html,129,html,debfaba6,Triton Stewart,2026-04-11,17:50:56,-07:00,2026-04-11T17:50:56-07:00,4,11
cv\index.html,130,html,debfaba6,Triton Stewart,2026-04-11,17:50:56,-07:00,2026-04-11T17:50:56-07:00,4,27
cv\index.html,131,html,debfaba6,Triton Stewart,2026-04-11,17:50:56,-07:00,2026-04-11T17:50:56-07:00,4,19
cv\index.html,132,html,debfaba6,Triton Stewart,2026-04-11,17:50:56,-07:00,2026-04-11T17:50:56-07:00,4,25
cv\index.html,133,html,debfaba6,Triton Stewart,2026-04-11,17:50:56,-07:00,2026-04-11T17:50:56-07:00,4,12
cv\index.html,134,html,debfaba6,Triton Stewart,2026-04-11,17:50:56,-07:00,2026-04-11T17:50:56-07:00,4,20
cv\index.html,135,html,debfaba6,Triton Stewart,2026-04-11,17:50:56,-07:00,2026-04-11T17:50:56-07:00,4,17
cv\index.html,136,html,debfaba6,Triton Stewart,2026-04-11,17:50:56,-07:00,2026-04-11T17:50:56-07:00,4,18
cv\index.html,137,html,debfaba6,Triton Stewart,2026-04-11,17:50:56,-07:00,2026-04-11T17:50:56-07:00,3,3
cv\index.html,138,html,7df0dedc,Triton Stewart,2026-04-01,21:44:12,-07:00,2026-04-01T21:44:12-07:00,2,8
cv\index.html,139,html,debfaba6,Triton Stewart,2026-04-11,17:50:56,-07:00,2026-04-11T17:50:56-07:00,1,5
cv\index.html,140,html,eb9e08cf,Triton Stewart,2026-04-17,17:41:01,-07:00,2026-04-17T17:41:01-07:00,0,0
cv\index.html,141,html,eb9e08cf,Triton Stewart,2026-04-17,17:41:01,-07:00,2026-04-17T17:41:01-07:00,1,48
cv\index.html,142,html,eb9e08cf,Triton Stewart,2026-04-17,17:41:01,-07:00,2026-04-17T17:41:01-07:00,1,0
cv\index.html,143,html,7df0dedc,Triton Stewart,2026-04-01,21:44:12,-07:00,2026-04-01T21:44:12-07:00,0,5
cv\index.html,144,html,7df0dedc,Triton Stewart,2026-04-01,21:44:12,-07:00,2026-04-01T21:44:12-07:00,0,5
contact\index.html,1,html,43f72b64,Triton Stewart,2026-04-10,22:16:54,-07:00,2026-04-10T22:16:54-07:00,0,13
contact\index.html,2,html,43f72b64,Triton Stewart,2026-04-10,22:16:54,-07:00,2026-04-10T22:16:54-07:00,0,14
contact\index.html,3,html,43f72b64,Triton Stewart,2026-04-10,22:16:54,-07:00,2026-04-10T22:16:54-07:00,0,4
contact\index.html,4,html,43f72b64,Triton Stewart,2026-04-10,22:16:54,-07:00,2026-04-10T22:16:54-07:00,1,20
contact\index.html,5,html,43f72b64,Triton Stewart,2026-04-10,22:16:54,-07:00,2026-04-10T22:16:54-07:00,1,68
contact\index.html,6,html,43f72b64,Triton Stewart,2026-04-10,22:16:54,-07:00,2026-04-10T22:16:54-07:00,1,20
contact\index.html,7,html,43f72b64,Triton Stewart,2026-04-10,22:16:54,-07:00,2026-04-10T22:16:54-07:00,1,41
contact\index.html,8,html,43f72b64,Triton Stewart,2026-04-10,22:16:54,-07:00,2026-04-10T22:16:54-07:00,0,5
contact\index.html,9,html,43f72b64,Triton Stewart,2026-04-10,22:16:54,-07:00,2026-04-10T22:16:54-07:00,0,0
contact\index.html,10,html,43f72b64,Triton Stewart,2026-04-10,22:16:54,-07:00,2026-04-10T22:16:54-07:00,0,4
contact\index.html,11,html,1fe4acbb,Triton Stewart,2026-04-01,21:27:50,-07:00,2026-04-01T21:27:50-07:00,0,0
contact\index.html,12,html,6d44e22e,Triton Stewart,2026-04-17,19:25:37,-07:00,2026-04-17T19:25:37-07:00,1,17
contact\index.html,13,html,1fe4acbb,Triton Stewart,2026-04-01,21:27:50,-07:00,2026-04-01T21:27:50-07:00,0,0
contact\index.html,14,html,6d44e22e,Triton Stewart,2026-04-17,19:25:37,-07:00,2026-04-17T19:25:37-07:00,1,39
contact\index.html,15,html,43f72b64,Triton Stewart,2026-04-10,22:16:54,-07:00,2026-04-10T22:16:54-07:00,2,35
contact\index.html,16,html,43f72b64,Triton Stewart,2026-04-10,22:16:54,-07:00,2026-04-10T22:16:54-07:00,2,33
contact\index.html,17,html,1fe4acbb,Triton Stewart,2026-04-01,21:27:50,-07:00,2026-04-01T21:27:50-07:00,0,0
contact\index.html,18,html,43f72b64,Triton Stewart,2026-04-10,22:16:54,-07:00,2026-04-10T22:16:54-07:00,2,32
contact\index.html,19,html,43f72b64,Triton Stewart,2026-04-10,22:16:54,-07:00,2026-04-10T22:16:54-07:00,2,41
contact\index.html,20,html,1fe4acbb,Triton Stewart,2026-04-01,21:27:50,-07:00,2026-04-01T21:27:50-07:00,0,0
contact\index.html,21,html,1fe4acbb,Triton Stewart,2026-04-01,21:27:50,-07:00,2026-04-01T21:27:50-07:00,2,19
contact\index.html,22,html,43f72b64,Triton Stewart,2026-04-10,22:16:54,-07:00,2026-04-10T22:16:54-07:00,1,5
contact\index.html,23,html,eb9e08cf,Triton Stewart,2026-04-17,17:41:01,-07:00,2026-04-17T17:41:01-07:00,0,0
contact\index.html,24,html,eb9e08cf,Triton Stewart,2026-04-17,17:41:01,-07:00,2026-04-17T17:41:01-07:00,1,48
contact\index.html,25,html,43f72b64,Triton Stewart,2026-04-10,22:16:54,-07:00,2026-04-10T22:16:54-07:00,0,5
contact\index.html,26,html,43f72b64,Triton Stewart,2026-04-10,22:16:54,-07:00,2026-04-10T22:16:54-07:00,0,5
